Page,Text,Measurements
1,"Sidnummer
Projektnummer
Senaste ändring
Kontaktperson Semrén & Månsson
Datum
Status
Beställare
Nummer
Bet
Innehåll
Skala
Status
Datum
Ändr. Datum
Handling
Uppdragsnummer
NYBYGGNAD, ANNANDAGSGATAN NY FÖRSKOLA
19173
2024-09-20
1 / 1
HANDLINGSFÖRTECKNING
MARCUS BLOMQVIST , 076-492 55 38
2023-12-20
GODKÄND
STADSFASTIGHETSFÖRVALTNINGEN
FÖRFRÅGNINGSUNDERLAG
3479
00-0 FÖRKLARINGAR & FÖRESKRIFTER
304051-A-00-0-A001
A
FÖRKLARINGAR & FÖRESKRIFTER
-
FU
2023-12-20
2024-09-20
40-0 ÖVERSIKTSPLANER
304051-A-40-0-B100
HUS B & C, PLAN 1
1:100
FU
2023-12-20
304051-A-40-0-D100
HUS D & E, PLAN 1
1:100
FU
2023-12-20
40-1 PLANER
304051-A-40-1-A100
A
HUS A, PLAN 1
1:100
FU
2023-12-20
2024-09-20
304051-A-40-1-A200
A
HUS A, PLAN 2
1:100
FU
2023-12-20
2024-09-20
304051-A-40-1-A300
HUS A, PLAN 3
1:100
FU
2023-12-20
40-2 SEKTIONER
304051-A-40-2-A001
A
HUS A, SEKTION A-A, B-B, C-C
1:100
FU
2023-12-20
2024-09-20
40-3 FASADER
304051-A-40-3-A001
A
HUS A, FASAD MOT NORR, ÖSTER
1:100
FU
2023-12-20
2024-09-20
304051-A-40-3-A002
A
HUS A, FASAD M SÖDER, VÄSTER
1:100
FU
2023-12-20
2024-09-20
41-1 TAKPLANER
304051-A-41-1-A400
HUS A, TAKPLAN
1:100
FU
2023-12-20
42-4 YTTERVÄGG FÖRTECKNING
304051-A-42-4-A011
UTV. TRÄFÖNSTER
1:50
FU
2023-12-20
304051-A-42-4-A021
UTV. ALUMINIUMFÖNSTER
1:50
FU
2023-12-20
304051-A-42-4-A041
UTV. PARTIER AV METALL
1:50
FU
2023-12-20
304051-A-42-4-A042
UTV. GRINDAR AV METALL
1:50
FU
2023-12-20
304051-A-42-4-A061
UTV. STÅLDÖRRAR
1:50
FU
2023-12-20
43-1 UNDERTAK
304051-A-43-1-A100
HUS A, PLAN 1 UNDERTAK
1:100
FU
2023-12-20
304051-A-43-1-A200
HUS A, PLAN 2 UNDERTAK
1:100
FU
2023-12-20
43-4 DÖRRUPPSTÄLLNING
304051-A-43-4-A011
INV. TRÄDÖRRAR
1:50
FU
2023-12-20
304051-A-43-4-A021
INV. STÅLDÖRRAR
1:50
FU
2023-12-20
304051-A-43-4-A031
INV. HYGIENDÖRRAR
1:50
FU
2023-12-20
304051-A-43-4-A041
INV. PARTIER AV METALL
1:50
FU
2023-12-20
44-1 INV. YTSKIKT
304051-A-44-1-A100
HUS A, PLAN 1, YTSKIKT
1:100
FU
2023-12-20
304051-A-44-1-A200
HUS A, PLAN 2, YTSKIKT
1:100
FU
2023-12-20
304051-A-44-1-A300
HUS A, PLAN 3, YTSKIKT
1:100
FU
2023-12-20
46-4 RUMSKOMPLETTERINGAR
304051-A-46-4-A011
ELEVATIONER, WC OCH RWC/DUSCH
1:20
FU
2023-12-20
304051-A-46-4-A031
ELEVATIONER, ENTRÉER / KAPPRUM
1:20
FU
2023-12-20
304051-A-46-4-A041
ELEVATIONER, KÖK OCH PENTRY
1:20
FU
2023-12-20
BILAGOR
304051-A-RUB
TYPRUMSBESKRIVNING
-
FU
2023-12-20
304051-A-TBH
A
TEKNISK BESKRIVNING HUS
-
FU
2023-12-20
2024-09-20
Antal Ritningar & Bilagor: 29
",
2,"TITEL/KAPITELRUBRIK
ANTAL BLAD
BLAD NR
HANDLÄGGARE
UPPDRAG NR
DATUM
PROJEKTNAMN
STATUS
RITNINGSNUMMER
BET
ÄNDRINGEN AVSER
SIDA/NR/BSAB-KOD/RUMSNR
0105 KVALITETSLEDNINGSSYSTEM
ÄNDRINGS-PM
K.\PDOC\000_MALLAR\03 TEXT\MALLAR\XXXX_ÄNDRINGS-PM_NR_ÅÅMMDD.DOC
STATUS: UTGÅVA E
REVIDERAD:2013-01-01
SIGN: SE
ANNANDAGSGATAN NY FÖRSKOLA
M. BLOMQVIST
19173
2024-09-20
FÖRFRÅGNINGSUNDERLAG
NYBYGGNAD
1
1
PM-01
SID 1/ 1
304051-A-00-0-A001
A
Förklaring SK = Skåp.
304051-A-40-1-A100
A
Skötrum justerade.
304051-A-40-1-A200
A
Skötrum justerade.
304051-A-40-2-A001
A
Kondensorer tillagda.
Nockhöjd tillagd.
304051-A-40-3-A001
A
Fasad justerad.
Kondensorer tillagda.
304051-A-40-3-A002
A
Kondensorer tillagda.
304051-A-TBH
A
Kulör på tegel tillagd i A-TBH.
",
3,"FÖRKLARINGAR
BETECKNINGAR:
AK = ARMBÅGSKONTAKT
PK = PASSAGEKONTROLL (KORT/TAGG)
AT = PLATS FÖR ANSLAGSTAVLA (DIGITAL)
DM = DISKMASKIN
DS = PLATS FÖR DIGITAL SKÄRM
FS = FILTSKÅP
GT = GALLERITAVLOR
HS = HÖGSKÅP
HP = HYLLPLAN
K/F = KYL & FRYS
K = KYLSKÅP
KH = KLÄDHYLLA
KI = KAPPRUMSINREDNING
M = MIKROVÅGSUGN, INBYGGD
MM = MOPPMASKIN
MS = MADRASSKÅP
OS = OMKLÄDNINGSSKÅP
SS = PLATS FÖR SÄKERHETSSKÅP
SK = SKÅP
SP = SPEGEL
STR = STUPRÖR
TKM = TORKMATTA
TUP = UTRYMNINGSPLATS
TP = TVÄTTPELARE (TVÄTTMASKIN & TORKTUMLARE)
TS = TORKSKÅP
U/M = UGN, MICRO INBYGGD
UB = UTSLAGSBACK
VS = VÄRDESKÅP
VUK = VATTENUTKASTARE
VUK/ST = VATTENUTKASTARE/STÖVELTVÄTT
WB = WHITEBOARD
FÖRESKRIFTER
-
HÄNVISNINGAR
BRANDSKYDDSDOKUMENTATION ENL. BRAND
LJUDKRAVSRITNING ENL. AKUSTIK
TEKNISK BESKRIVNING (304051-A-TBH)
TYPRUMSBESKRIVNING (304051-A-RUB)
INV. TRÄDÖRRAR 304051-A-43-4-A011
INV. STÅLDÖRRAR 304051-A-43-4-A021
INV. HYGIENDÖRRAR 304051-A-43-4-A031
INV. PARTIER AV METALL 304051-A-43-4-A041
UTV. TRÄFÖNSTER 304051-A-42-4-A011
UTV. ALUMINIUMFÖNSTER 304051-A-42-4-A021
UTV. PARTIER AV METALL 304051-A-42-4-A041
UTV. GRINDAR AV METALL 304051-A-42-4-A042
UTV. STÅLDÖRRAR 304051-A-42-4-A061
UNDERTAK 304051-A-43-1-A100--304051-A-43-1-A200
YTSKIKT 304051-A-44-1-A100--304051-44-1-A300
UTVÄNDIG MATERIAL OCH KULÖRER ÅTERFINNS I TEKNISK 
BESKRIVNING (304051-A-TBH)
INVÄNDIGA MATERIAL OCH KULÖRER ÅTERFINNS I 
TYPRUMSBESKRIVNING (304051-A-RUB)
FÖRKLARINGAR
ALLA MÅTT ANGES I MILLIMETER.
ALLA PLUSHÖJDER ANGES I METER.
INVÄNDIGA PLUSHÖJDER AVSER FÄRDIG GOLVNIVÅ.
BRANDCELLSGRÄNS EI60
FAST INREDNING 
LÖS INREDNING 
HUVUDENTRÉ 
SEKUNDÄR ENTRÉ
SKRAFFERINGAR:
PELARE ENLIGT K
LITTERA DÖRRAR, PARTIER OCH FÖNSTER
YDS = UTVÄNDIG DÖRR I STÅL
YDSG = UTVÄNDIG DÖRR I STÅL, GLASAD
YMP = UTVÄNDIGT METALLPARTI
DS = STÅLDÖRR
DH = HYGIENDÖRR
DHG = HYGIENDÖRR, GLASAD
PDH = PARDÖRR, HYGIEN
DT = INNERDÖRR AV TRÄ
DTG = INNERDÖRR AV TRÄ, GLASAD
PDT = PARDÖRR, TRÄ
SKJ = SKJUTDÖRR, TRÄ
MP = METALLPARTI
FAÖ = FÖNSTER ALUMINIUM, ÖPPNINGSBART
FAF = FÖNSTER ALUMINIUM, FAST
FTÖ = FÖNSTER TRÄ, ÖPPNINGSBART
FTF = FÖNSTER TRÄ, FAST
DF:X = DÖRRFUNKTION SE FÖRKLARING NEDAN
DF:C = ENDAST CYLINDERLÅS
DF:G1 = GRIND FÖRSES MED ICKE FJÄDRANDE VRED PÅ 
INSIDA SAMT CYLINDER PÅ UTSIDA
DF:S = UPPSTÄLLNINGSBAR MED STÖDBEN
DF:F = DÖRRSTÄNGARE MED FREESWINGFUNKTION
DF:H= HASP PÅ UTSIDA, BARNSÄKER HÖJD
DÖRRFUNKTIONER KAN ÄVEN FINNAS I KOMBINATIONER 
AV FLERA FUNKTIONER ENLIGT OVAN.
DÖRRFUNKTIONSSIFFRA ""X"" OVAN ANSLUTER TILL TKA 
BYGG RA-1835-V.15.0+PRINCIPLÖSNINGAR+DÖRRAR_2023.
AVVIKELSER FRÅN OVAN DOKUMENT ENL. FÖLJANDE;
(SE FÖRKLARINGAR OCH FUNKTIONER, FÖR SIFFROR INOM 
PARANTES NEDAN, PÅ SIDAN 3 I 
RA-1835-V.15.0+PRINCIPLÖSNINGAR+DÖRRAR_2023)
VRIDSTRÖMSTÄLLARE (8) ERSÄTTS AV STRÖMSTÄLLARE 
MED INBYGGD INDIKERINGSLAMPA OLÅST/LÅST (9).
NÖDÖPPNINGSKNAPP (3) ERSÄTTS AV 
NÖDÖPPNINGSKNAPP MED INBYGGD SUMMER MED LAMPA 
(11).
DÖRRAR TILL WC, WC/D, RWC OCH RWC/D UTFÖRS MED 
WC-BESLAG.
DÖRRAR UTAN DF:X-BETECKNING SOM INTE ÄR WC, RWC, 
WC/D OCH RWC/D UTFÖRS BLINDADE FRÅN BÅDA SIDOR.
VID MOTSTRIDIGA UPPGIFTER GÄLLER 
BRANDSKYDDSBESKRIVNING FÖRE DENNA HANDLING.
I BYGGHANDLINGSPROJEKTERING SKA SAMTLIGA 
DÖRRFUNKTIONER/DÖRRMILJÖER STÄMMAS AV MED OCH 
GODKÄNNAS AV STADSFASTIGHETSFÖRVALTNINGEN.
A-40-1 PLANER
FILNAMN:
PROJEKTNAMN
OMRÅDE
PROJEKTNUMMER
ADRESS
DIARIENUMMER
FASTIGHET
DISCIPLIN
FÖRETAG
UPPDRAGSNUMMER
SKAPAD AV
TELEFON
KONTAKTPERSON
BYGGNADSVERK
PLUSHÖJD (RH 2000)
VÅNINGSPLAN
VÅNINGSDEL
DELOMRÅDE
SYSTEM
SPECIFIKATION
RITNINGSKATEGORI
SKALA
FORMAT
DOKUMENTNUMMER
ÄNDRING
STATUS
HANDLING
DATUM
GODKÄND AV
ÄNDRINGS PM
BESTÄLLARE
N
SEKTION
ORIENTERINGSFIGUR
A
B
C
D
E
C:\Autodesk\BIM_Local_Files\304051-A-40-V-000-3479-R22-C_Johanna.Theorin54EDB.rvt
2024-09-17 07:48:07
A
PM-01
A
304051
19173
2240/21
3479
076-492 55 38
HUS A
-
-
ANNANDAGSGATAN 1
-
A1
00-0 FÖRKLARINGAR & FÖRESKRIFTER
FÖRKLARINGAR & FÖRESKRIFTER
GÖTEBORG KORTEDALA 90:3
SEMRÉN & MÅNSSON ARK.
MARCUS BLOMQVIST
MARCUS BLOMQVIST
-
-
-
304051-A-00-0-A001
ANNANDAGSGATAN NY FÖRSKOLA
FÖRFRÅGNINGSUNDERLAG
GODKÄND
2023-12-20
M. BLOMQVIST
",
4,"FÖRKLARINGAR
ALLA MÅTT ANGES I MILLIMETER.
ALLA PLUSHÖJDER ANGES I METER.
ANGIVNA HÖJDER FÄRDIGT GOLV/MARK ÄR UNGEFÄRLIGA
SE MARK-HANDLING FÖR EXAKTA PLUSHÖJDER
BETECKNINGAR:
HR = HÄNGRÄNNA
STR = STUPRÖR
NY MARKLINJE
BEFINTLIG BYGGDEL
NY BYGGDEL
TAKTÄCKNING AV VEGETATIONSSKIKT
FÖRESKRIFTER
HÄNVISNINGAR
MARKNIVÅER ENL. MARK
MARKMATERIAL I FÖRRÅD ENL. MARK
BRANDSKYDDSDOKUMENTATION ENL. BRAND
LJUDKRAVSRITNING ENL. AKUSTIK
TEKNISK BESKRIVNING (304051-A-TBH)
DÖRRFUNKTIONER 304051-A-40-1-A100
UTV. GRINDAR AV METALL 304051-A-42-4-A042
UTV. STÅLDÖRRAR 304051-A-42-4-A061
TP1 - TRÄPANEL
TP2 - TRÄPANEL, BEFINTLIG
TP3 - TRÄPANEL, VARIERANDE BREDDER
R1 - RIBBOR
S1 - SOCKEL, BETONG
S2 - SOCKEL, BEFINTLIG FIBERCEMENTSKIVA
SK1 - SKÄRMTAK AV PLÅT
HUS D & E ÄR BEFINTLIGA FÖRRÅD SOM FINNS PÅ 
FASTIGHETEN.
FÖRRÅDEN ÄR UPPMODELLERADE EFTER BILDER SOM TAGITS 
PÅ PLATS. AVVIKELSER GENTEMOT UTBREDNING, MÅTT OCH 
UTSEENDE KAN FÖREKOMMA.
19 m²
B100
Återvinning
D-D
D-D
E-E
E-E
3 m²
B101
Returgods
HYLLA
FARLIGT 
AVFALL
DF:C+S
YDS12a
GRIND
DF:C
PAPPERSFÖRPACKNINGAR
660L
RESTAVFALL 660L
RESTAVFALL 660L
PLAST 660L
WELLPAPP 660L
MATAVFALL
140L
MATAVFALL
140L
METALL
190L
FÄRGAT GLAS
190L
OFÄRGAT GLAS
190L
TIDNINGAR/
KONTORSPAPPER
190L
+84,690
STR
STR
B100
Återvinning
+85,65
+84,68
200
200
+84,69
B100
Återvinning
+85,43
+87,44
+87,44
26°
26°
200
200
+84,62
+84,69
D-D
D-D
E-E
E-E
HR
HR
26°
26°
STR
STR
TP1
S1
R1
+85,05
+85,59
TP1 S1
STÖDMUR ENL. M
+85,13
R1
+84,62
+84,62
TP1
S1
+85,05
+84,63
+84,68
SK1
+84,66
+84,63
TP1
S1
+85,10
+85,13
STÖDMUR ENL. MARK
R1
+85,78
HYLLA FÖR BARNVAGNAR
G-G
G-G
F-F
F-F
GOLVNIVÅ ENL. MARK
8 m²
C100
Barnvagnsförråd
STR
STR
DUBBELGRIND
DUBBELGRIND DUBBELGRIND
G-G
G-G
HR
STR
STR
6°
C100
Barnvagnsförråd
+83,23
6°
200
200
+86,25
+86,47
C100
Barnvagnsförråd
+83,70
+83,64
200
200
TP3
S1
+83,23
+83,70
+83,72
+86,47
+86,25
TP3 S1
+83,64
+83,26
+83,72
+86,47
+86,25
TP3
S1
+83,70
+83,64
TP3
S1
+83,26
+83,72
+83,72
+83,23
FILNAMN:
PROJEKTNAMN
OMRÅDE
PROJEKTNUMMER
ADRESS
DIARIENUMMER
FASTIGHET
DISCIPLIN
FÖRETAG
UPPDRAGSNUMMER
SKAPAD AV
TELEFON
KONTAKTPERSON
BYGGNADSVERK
PLUSHÖJD (RH 2000)
VÅNINGSPLAN
VÅNINGSDEL
DELOMRÅDE
SYSTEM
SPECIFIKATION
RITNINGSKATEGORI
SKALA
FORMAT
DOKUMENTNUMMER
ÄNDRING
STATUS
HANDLING
DATUM
GODKÄND AV
ÄNDRINGS PM
BESTÄLLARE
SKALA 1:100 (A1-format)
0
METER
5
10
N
SEKTION
ORIENTERINGSFIGUR
A
B
C
D
E
C:\Autodesk\BIM_Local_Files\304051-A-40-V-000-3479-R22-C_Johanna.Theorin54EDB.rvt
2023-12-20 16:44:52
A
304051
19173
2240/21
3479
076-492 55 38
HUS B & C
PLAN 1 -
ANNANDAGSGATAN 1
1:100
A1
40 - SAMMANSATT REDOVISNING
HUS B & C, PLAN 1
GÖTEBORG KORTEDALA 90:3
SEMRÉN & MÅNSSON ARK.
MARTINA BOYTON
MARCUS BLOMQVIST
-
-
PLAN
304051-A-40-0-B100
ANNANDAGSGATAN NY FÖRSKOLA
FÖRFRÅGNINGSUNDERLAG
GODKÄND
2023-12-20
M. BLOMQVIST
PLAN
SEKTION D-D
SEKTION E-E
TAKPLAN
FASAD MOT NORR
FASAD MOT SÖDER
FASAD MOT VÄSTER
FASAD MOT ÖSTER
HUS B
HUS C
PLAN
TAKPLAN
SEKTION F-F
SEKTION G-G
FASAD MOT NORR
FASAD MOT SÖDER
FASAD MOT VÄSTER
FASAD MOT ÖSTER
",19 m; 3 m; 8 m
5,"I-I
I-I
H-H
H-H
8 m²
D100
Lekförråd
BEF. DÖRR
STR
STR
KROKAR
HYLLOR
DF:C+S
GOLVNIVÅ ENL. M
J-J
J-J
K-K
K-K
10 m²
E100
Lekförråd
BEF. DÖRR
STR
STR
DF:C+S
BEF. DÖRR
DF:C+S
11 m²
E101
Cykelförråd
KROKAR
GOLVNIVÅ ENL. MARK
I-I
I-I
H-H
H-H
STR
STR
HR
HR
NY TAKLUTNING 
ANPASSAS EFTER 
BEFINTLIG LUTNING
STR
STR
HR
HR
NY TAKLUTNING ANPASSAS 
EFTER BEFINTLIG LUTNING
D100
Lekförråd
300
300
+86,54
+86,55
+84,20
+83,31
D100
Lekförråd
300
300
+84,20
+84,20
300
300
11 m²
E101
Cykelförråd
+83,78
+83,75
300
300
E100
Lekförråd
E101
Cykelförråd
+83,78
+83,75
+86,55
+86,55
TP2 S2
+83,69
+84,20
BEF. LUCKA
+84,22
TP2 S2
+84,20
+84,22
+83,31
+84,20
+84,20
TP2 S2
BEF. LUCKA
TP2 S2
+84,22
+83,31
+83,69
TP2 S2
+86,40
+86,40
+83,78
+83,75
TP2 S2
+86,40
+86,40
+83,75
+83,75
TP2 S2
+83,75
+83,75
+83,78
+83,75
TP2
S2
FÖRKLARINGAR
ALLA MÅTT ANGES I MILLIMETER.
ALLA PLUSHÖJDER ANGES I METER.
ANGIVNA HÖJDER FÄRDIGT GOLV/MARK ÄR UNGEFÄRLIGA
SE MARK-HANDLING FÖR EXAKTA PLUSHÖJDER
BETECKNINGAR:
HR = HÄNGRÄNNA
STR = STUPRÖR
NY MARKLINJE
BEFINTLIG BYGGDEL
NY BYGGDEL
TAKTÄCKNING AV VEGETATIONSSKIKT
FÖRESKRIFTER
HÄNVISNINGAR
MARKNIVÅER ENL. MARK
MARKMATERIAL I FÖRRÅD ENL. MARK
BRANDSKYDDSDOKUMENTATION ENL. BRAND
LJUDKRAVSRITNING ENL. AKUSTIK
TEKNISK BESKRIVNING (304051-A-TBH)
DÖRRFUNKTIONER 304051-A-40-1-A100
UTV. GRINDAR AV METALL 304051-A-42-4-A042
UTV. STÅLDÖRRAR 304051-A-42-4-A061
TP1 - TRÄPANEL
TP2 - TRÄPANEL, BEFINTLIG
TP3 - TRÄPANEL, VARIERANDE BREDDER
R1 - RIBBOR
S1 - SOCKEL, BETONG
S2 - SOCKEL, BEFINTLIG FIBERCEMENTSKIVA
SK1 - SKÄRMTAK AV PLÅT
HUS D & E ÄR BEFINTLIGA FÖRRÅD SOM FINNS PÅ 
FASTIGHETEN.
FÖRRÅDEN ÄR UPPMODELLERADE EFTER BILDER SOM TAGITS 
PÅ PLATS. AVVIKELSER GENTEMOT UTBREDNING, MÅTT OCH 
UTSEENDE KAN FÖREKOMMA.
FILNAMN:
PROJEKTNAMN
OMRÅDE
PROJEKTNUMMER
ADRESS
DIARIENUMMER
FASTIGHET
DISCIPLIN
FÖRETAG
UPPDRAGSNUMMER
SKAPAD AV
TELEFON
KONTAKTPERSON
BYGGNADSVERK
PLUSHÖJD (RH 2000)
VÅNINGSPLAN
VÅNINGSDEL
DELOMRÅDE
SYSTEM
SPECIFIKATION
RITNINGSKATEGORI
SKALA
FORMAT
DOKUMENTNUMMER
ÄNDRING
STATUS
HANDLING
DATUM
GODKÄND AV
ÄNDRINGS PM
BESTÄLLARE
SKALA 1:100 (A1-format)
0
METER
5
10
N
SEKTION
ORIENTERINGSFIGUR
A
B
C
D
E
C:\Autodesk\BIM_Local_Files\304051-A-40-V-000-3479-R22-C_Martina.Boyton.rvt
2023-12-21 11:17:20
A
304051
19173
2240/21
3479
076-492 55 38
HUS D & E
PLAN 1 -
ANNANDAGSGATAN 1
1:100
A1
40 - SAMMANSATT REDOVISNING
HUS D & E, PLAN 1
GÖTEBORG KORTEDALA 90:3
SEMRÉN & MÅNSSON ARK.
JOHANNA THEORIN
MARCUS BLOMQVIST
-
-
PLAN
304051-A-40-0-D100
ANNANDAGSGATAN NY FÖRSKOLA
FÖRFRÅGNINGSUNDERLAG
GODKÄND
2023-12-20
M. BLOMQVIST
PLAN
PLAN
TAKPLAN
TAKPLAN
SEKTION H-H
SEKTION I-I
SEKTION J-J
SEKTION K-K
FASAD MOT NORR
FASAD MOT SÖDER
FASAD MOT VÄSTER
FASAD MOT ÖSTER
FASAD MOT VÄSTER
FASAD MOT ÖSTER
FASAD MOT SÖDER
FASAD MOT NORR
HUS D - BEFINTLIGT FÖRRÅD
HUS E - BEFINTLIGT FÖRRÅD
",8 m; 10 m; 11 m; 11 m
6,"M5/ 50 liter
A-A
304051-A-40-2-A001
A-A
304051-A-40-2-A001
B-B
304051-A-40-2-A001
B-B
304051-A-40-2-A001
C-C
304051-A-40-2-A001
C-C
304051-A-40-2-A001
13 m²
A121
Trapphus
13 m²
A130
Groventré
13 m²
A150
Groventré
A131
WC
A151
WC
10 m²
A132
Kapprum
10 m²
A152
Kapprum
5 m²
A140
RWC/D
27 m²
A141
Aktivitetsrum
13 m²
A138
Lekrum
13 m²
A158
Lekrum
9 m²
A155
Skötrum
9 m²
A135
Skötrum
16 m²
A134
Vilrum
16 m²
A154
Vilrum
45 m²
A103
Tillagningskök
52 m²
A133
Allrum
49 m²
A153
Allrum
A136
WC
A137
WC
A156
WC
9 m²
A110
El
14 m²
A112
UC
YDS10a
YDS10a
DT08a
DT08a
DTG10a
DTG10b
DTG10a
DTG10b
DT08a
DT08a
DT08a
DT08a
YMP17a
YMP17a
FTF09a
BH 600
YDSG12a
Hiss
TS
TS
TS
TS
PK
AK
+84,650
+84,650
+84,650
KL
KL
STR
STR
DTG10c
DTG10c
KL
KL
2 m²
A122
Städ
AT
KL
Kl-Personal
Kl-Personal
FTÖ20b
BH 600
FTÖ20b
BH 600
FTÖ20b
BH 600
FTÖ20b
BH 600
FRD
FRD
FRD
FRD
Tillfällig 
förvaring 
av gods
6 m²
A120
Vindfång
DTG10e
MP17a
DHG10a
FTÖ30a
BH 600
YMP17a
YMP17a
DT10c
DTG10c
DTG10c
PDT16a
PDT16a
PDT16a
PDT16a
FS
MS
FS
MS
FTÖ30a
BH 600
DT10e
FS
MS
MS
FS
FTÖ30a
BH 600
DT10e
FÄLLBAR STOL
DH09a
DH09a
DH09a
3 m²
A107
Frysrum
4 m²
A108
Kylrum
3 m²
A105
Omklädning
3 m²
A106
WC/D
4 m²
A109
Förråd
7 m²
A104
Varumottagning
11 m²
A102
Diskrum
7 m²
A100
Vagnplats
A101
Elc
PDH19a
FAÖ20a
BH 1 200
DF:5
DF:2B
DF:2B
DF:5
DF:7+F
DF:4+F
DF:C
DF:C
DF:F
AK
FAF20a
BH 1 200
DF:4+S
DF:C
DF:C
PK
PK
HUS B
SE RITNING 304051-A-40-0-B100
HUS E
SE RITNING 304051-A-40-0-D100
1 m²
A111
IT
PDT09a
TKM
TKM
TKM
AK
AK
DTG10c
DTG09a
A139
ELC
PDT11a
HS
U/M
K/F
DM
STR
STR
STR
STR
STR
STR
A157
WC
GRIND
GRIND
VUK/ST
VÄGGAR
KYL&FRYS
ENL. KYLA
DF:H
DF:H
DF:H
DF:H
HS
HS
VS
K
HS
HS
HS
VS
HS
K
KL
KL
KL
DTG14a
STR
HS
OS
OS
+84,650
+84,650
VUK
DF:G1
DF:C
4 m²
A123
Förråd
AK
YMP10a
DF:3+U
FTF09b
BH 1 740
INSPEKTIONS
LUCKA
KÖKSINREDNING ENLIGT SK
AK
HP
?
HP
HP
HP
UB
M
M
DF:C
AT
SP
GT
GT
AK
AK
?
SK
SK
SKJ10a
SKJ10a
FÖRKLARINGAR
SE RITNING 304051-A-00-0-A001.
FÖRESKRIFTER
SE RITNING 304051-A-00-0-A001.
HÄNVISNINGAR
SE RITNING 304051-A-00-0-A001.
FILNAMN:
PROJEKTNAMN
OMRÅDE
PROJEKTNUMMER
ADRESS
DIARIENUMMER
FASTIGHET
DISCIPLIN
FÖRETAG
UPPDRAGSNUMMER
SKAPAD AV
TELEFON
KONTAKTPERSON
BYGGNADSVERK
PLUSHÖJD (RH 2000)
VÅNINGSPLAN
VÅNINGSDEL
DELOMRÅDE
SYSTEM
SPECIFIKATION
RITNINGSKATEGORI
SKALA
FORMAT
DOKUMENTNUMMER
ÄNDRING
STATUS
HANDLING
DATUM
GODKÄND AV
ÄNDRINGS PM
BESTÄLLARE
SKALA 1:100 (A1-format)
0
METER
5
10
N
SEKTION
ORIENTERINGSFIGUR
A
B
C
D
E
C:\Autodesk\BIM_Local_Files\304051-A-40-V-000-3479-R22-C_Johanna.Theorin54EDB.rvt
2024-09-17 07:48:10
A
PM-01
A
304051
19173
2240/21
3479
076-492 55 38
HUS A
PLAN 1 -
ANNANDAGSGATAN 1
1:100
A1
40 - SAMMANSATT REDOVISNING
HUS A, PLAN 1
GÖTEBORG KORTEDALA 90:3
SEMRÉN & MÅNSSON ARK.
MARCUS BLOMQVIST
MARCUS BLOMQVIST
+84.65
-
PLAN
304051-A-40-1-A100
ANNANDAGSGATAN NY FÖRSKOLA
FÖRFRÅGNINGSUNDERLAG
GODKÄND
2023-12-20
M. BLOMQVIST
",13 m; 13 m; 13 m; 10 m; 10 m; 5 m; 27 m; 13 m; 13 m; 9 m; 9 m; 16 m; 16 m; 45 m; 52 m; 49 m; 9 m; 14 m; 2 m; 6 m; 3 m; 4 m; 3 m; 3 m; 4 m; 7 m; 11 m; 7 m; 1 m; 4 m
7,"FÖRKLARINGAR
SE RITNING 304051-A-00-0-A001.
FÖRESKRIFTER
SE RITNING 304051-A-00-0-A001.
HÄNVISNINGAR
SE RITNING 304051-A-00-0-A001.
A-A
304051-A-40-2-A001
A-A
304051-A-40-2-A001
B-B
304051-A-40-2-A001
B-B
304051-A-40-2-A001
23 m²
A210
Trapphus
C-C
304051-A-40-2-A001
C-C
304051-A-40-2-A001
Hiss
FTÖ20b
BH 600
FTÖ20b
BH 600
FTÖ20b
BH 600
FTÖ20b
BH 600
FTÖ30a
BH 600
YMP17a
YMP17a
FTÖ20a
BH 600
FTÖ20a
BH 600
FTÖ30a
BH 600
FTF09a
BH 600
FTF20a
BH 600
FTÖ10a
BH 600
PK
+88,500
22 m²
A206
Pausrum
18 m²
A205
Arbetsrum
6 m²
A211
Samtal/vila
10 m²
A204
Kontor
7 m²
A202
Förråd
15 m²
A203
Städ och tvätt
6 m²
A207
Omklädning
5 m²
A208
RWC/D
13 m²
A220
Groventré
13 m²
A240
Groventré
A221
WC
A241
WC
10 m²
A222
Kapprum
10 m²
A242
Kapprum
5 m²
A230
RWC/D
27 m²
A231
Aktivitetsrum
13 m²
A228
Lekrum
13 m²
A248
Lekrum
9 m²
A245
Skötrum
9 m²
A225
Skötrum
16 m²
A224
Vilrum
16 m²
A244
Vilrum
52 m²
A223
Allrum
49 m²
A243
Allrum
A226
WC
A227
WC
A247
WC
A246
WC
DT08a
DT08a
DTG10a
DTG10b
DTG10a
DTG10b
SKJ10a
SKJ10a
DT08a
DT08a
DT08a
DT08a
TS
TS
TS
TS
HS
HS
+88,500
+88,500
KL
KL
AT
DF:F
DTG14b
DTG10g
DTG09a
DTG10g
DTG10c
VS
K
KL
KL
HS
HS
K
KL
KL
Kl-Personal
KL
KL
AT
FRD
FRD
FRD
FRD
FTÖ30a
BH 600
DTG10b
DTG10b
DT11a
DT10b
DT10a
DTG10d
DTG10f
PDT16a
PDT16a
PDT16a
PDT16a
DTG10c
DT10c
DTG10c
YDS10a
VIKVÄGG/BLOCKVÄGG
FTÖ20a
BH 600
YMP17a
YMP17a
MS
FS
FS
MS
FS
MS
FS
MS
19 m²
A200
Korridor
2 m²
A212
KÖK FRD
Skrivare, kopiator, post
OS
OS
SP
KH
K/F
DTG10e
Kl-Personal
WB
Förvaringsvägg
DS
DT10e
DTG10b
DT10c
6 m²
A201
Förråd
DT10a
DT10d
MM
TP
FTÖ11a
BH 600
EL
DF:4+F
DF:C+F
DF:7+F
DF:5
DF:2B
DF:2B
DF:5
DF:C
DF:C
DF:C
DF:C
DF:C
HUS B
SE RITNING 304051-A-40-0-B100
STR
STR
STR
STR
STR
STR
STR
STR
TKM
TKM
A229
ELC
K/F
U/M
DM
PDT11a
DF:4
HS
GRIND
TUP
TUP
TUP
DF:H
DF:H
VRED FRÅN
INSIDA
HS
DF:H
DF:H
DF:F
DF:DS
GRIND
STR
DM
HP
HP
HP
HP
HP
HP
UB
M
M
M
DF:C
SS
KH
KH
GT
GT
VS
AK
AK
YMP17x20a
SK
FILNAMN:
PROJEKTNAMN
OMRÅDE
PROJEKTNUMMER
ADRESS
DIARIENUMMER
FASTIGHET
DISCIPLIN
FÖRETAG
UPPDRAGSNUMMER
SKAPAD AV
TELEFON
KONTAKTPERSON
BYGGNADSVERK
PLUSHÖJD (RH 2000)
VÅNINGSPLAN
VÅNINGSDEL
DELOMRÅDE
SYSTEM
SPECIFIKATION
RITNINGSKATEGORI
SKALA
FORMAT
DOKUMENTNUMMER
ÄNDRING
STATUS
HANDLING
DATUM
GODKÄND AV
ÄNDRINGS PM
BESTÄLLARE
SKALA 1:100 (A1-format)
0
METER
5
10
N
SEKTION
ORIENTERINGSFIGUR
A
B
C
D
E
C:\Autodesk\BIM_Local_Files\304051-A-40-V-000-3479-R22-C_Johanna.Theorin54EDB.rvt
2024-09-17 07:48:12
A
PM-01
A
304051
19173
2240/21
3479
076-492 55 38
HUS A
PLAN 2 -
ANNANDAGSGATAN 1
1:100
A1
40 - SAMMANSATT REDOVISNING
HUS A, PLAN 2
GÖTEBORG KORTEDALA 90:3
SEMRÉN & MÅNSSON ARK.
MARCUS BLOMQVIST
MARCUS BLOMQVIST
+88.50
-
PLAN
304051-A-40-1-A200
ANNANDAGSGATAN NY FÖRSKOLA
FÖRFRÅGNINGSUNDERLAG
GODKÄND
2023-12-20
M. BLOMQVIST
",23 m; 22 m; 18 m; 6 m; 10 m; 7 m; 15 m; 6 m; 5 m; 13 m; 13 m; 10 m; 10 m; 5 m; 27 m; 13 m; 13 m; 9 m; 9 m; 16 m; 16 m; 52 m; 49 m; 19 m; 2 m; 6 m
8,"FÖRKLARINGAR
SE RITNING 304051-A-00-0-A001.
FÖRESKRIFTER
SE RITNING 304051-A-00-0-A001.
HÄNVISNINGAR
SE RITNING 304051-A-00-0-A001.
A-A
304051-A-40-2-A001
A-A
304051-A-40-2-A001
B-B
304051-A-40-2-A001
B-B
304051-A-40-2-A001
C-C
304051-A-40-2-A001
C-C
304051-A-40-2-A001
123 m²
A301
Teknikrum
DS11a
78 m²
A302
Kallvind
9 m²
A300
Trapphus
181 m²
A303
Kallvind
54 m²
A304
Kallvind
2 m²
A305
IT
PDT20a
DF:C
DS10a
DS10a
DS10a
+92,275
+92,449
FILNAMN:
PROJEKTNAMN
OMRÅDE
PROJEKTNUMMER
ADRESS
DIARIENUMMER
FASTIGHET
DISCIPLIN
FÖRETAG
UPPDRAGSNUMMER
SKAPAD AV
TELEFON
KONTAKTPERSON
BYGGNADSVERK
PLUSHÖJD (RH 2000)
VÅNINGSPLAN
VÅNINGSDEL
DELOMRÅDE
SYSTEM
SPECIFIKATION
RITNINGSKATEGORI
SKALA
FORMAT
DOKUMENTNUMMER
ÄNDRING
STATUS
HANDLING
DATUM
GODKÄND AV
ÄNDRINGS PM
BESTÄLLARE
SKALA 1:100 (A1-format)
0
METER
5
10
N
SEKTION
ORIENTERINGSFIGUR
A
B
C
D
E
C:\Autodesk\BIM_Local_Files\304051-A-40-V-000-3479-R22-C_Johanna.Theorin54EDB.rvt
2023-12-20 17:21:40
A
304051
19173
2240/21
3479
076-492 55 38
HUS A
PLAN 3 -
ANNANDAGSGATAN 1
1:100
A1
40 - SAMMANSATT REDOVISNING
HUS A, PLAN 3
GÖTEBORG KORTEDALA 90:3
SEMRÉN & MÅNSSON ARK.
MARCUS BLOMQVIST
MARCUS BLOMQVIST
+92.275
-
PLAN
304051-A-40-1-A300
ANNANDAGSGATAN NY FÖRSKOLA
FÖRFRÅGNINGSUNDERLAG
GODKÄND
2023-12-20
M. BLOMQVIST
",123 m; 78 m; 9 m; 181 m; 54 m; 2 m
9,"FÖRKLARINGAR
ALLA MÅTT ANGES I MILLIMETER.
ALLA PLUSHÖJDER ANGES I METER.
NY MARKLINJE
FÖRESKRIFTER
-
HÄNVISNINGAR
MARKNIVÅER ENL. MARK
BRANDSKYDDSDOKUMENTATION ENL. BRAND
BÄRANDE ELEMENT ENL. KONSTRUKTÖR
TEKNISK BESKRIVNING (304051-A-TBH)
PLANR. 304051-A-40-1-A100--304051-A-40-1-A300
UNDERTAK 304051-A-43-1-A100--304051-A-43-1-A300
1 910
600
2 700
Lekrum
Allrum
Kapprum
WC
Teknikrum
1 910
600
Kapprum
WC
Allrum
Lekrum
+84,450
+84,600
26°
26°
Kallvind
2 500
+88,50
+92,28
+93,45
+93,16
+95,32
+93,16
2 700
Kallvind
600
HUVAR ENLIGT V
+97,48
2 700
2 700
26°
26°
Allrum
Vilrum
1 910
600
1 910
600
Allrum
Kallvind
Vilrum
+84,450
+84,570
+88,50
+92,45
FRD
FRD
+91,86
+93,32
+91,86+92,15
+84,65
SEKTION SKÄR GENOM TRAPPA
600
600
HUVAR ENLIGT V
+95,83
Trapphus
Teknikrum
Trapphus
1 910
600
2 700
1 910
600
2 700
Kontor
Korridor
Allrum
Allrum
Allrum
Allrum
+84,630
+84,450
Omklädning
Diskrum
Vagnplats
Omklädning
+84,65
+88,50
+92,28
+92,45
Kallvind
FILNAMN:
PROJEKTNAMN
OMRÅDE
PROJEKTNUMMER
ADRESS
DIARIENUMMER
FASTIGHET
DISCIPLIN
FÖRETAG
UPPDRAGSNUMMER
SKAPAD AV
TELEFON
KONTAKTPERSON
BYGGNADSVERK
PLUSHÖJD (RH 2000)
VÅNINGSPLAN
VÅNINGSDEL
DELOMRÅDE
SYSTEM
SPECIFIKATION
RITNINGSKATEGORI
SKALA
FORMAT
DOKUMENTNUMMER
ÄNDRING
STATUS
HANDLING
DATUM
GODKÄND AV
ÄNDRINGS PM
BESTÄLLARE
SKALA 1:100 (A1-format)
0
METER
5
10
N
SEKTION
ORIENTERINGSFIGUR
A
B
C
D
E
C:\Autodesk\BIM_Local_Files\304051-A-40-V-000-3479-R22-C_Johanna.Theorin54EDB.rvt
2024-09-17 07:48:13
A
PM-01
A
304051
19173
2240/21
3479
076-492 55 38
HUS A
-
-
ANNANDAGSGATAN 1
1:100
A1
40 - SAMMANSATT REDOVISNING
HUS A, SEKTION A-A, B-B, C-C
GÖTEBORG KORTEDALA 90:3
SEMRÉN & MÅNSSON ARK.
MARCUS BLOMQVIST
MARCUS BLOMQVIST
-
-
SEKTION
304051-A-40-2-A001
ANNANDAGSGATAN NY FÖRSKOLA
FÖRFRÅGNINGSUNDERLAG
GODKÄND
2023-12-20
M. BLOMQVIST
SEKTION A-A
SEKTION B-B
SEKTION C-C
",
10,"FÖRKLARINGAR
FÖRESKRIFTER
HÄNVISNINGAR
MARKNIVÅER ENL. MARK
BRANDSKYDDSDOKUMENTATION ENL. BRAND
LJUDKRAVSRITNING ENL. AKUSTIK
TEKNISK BESKRIVNING (304051-A-TBH)
UTV. TRÄFÖNSTER 304051-A-42-4-A011
UTV. ALUMINIUMFÖNSTER 304051-A-42-4-A021
UTV. PARTIER AV METALL 304051-A-42-4-A041
UTV. GRINDAR AV METALL 304051-A-42-4-A042
UTV. STÅLDÖRRAR 304051-A-42-4-A061
ALLA MÅTT ANGES I MILLIMETER.
ALLA PLUSHÖJDER ANGES I METER.
NY MARKLINJE
UTBREDNING GALLER ENL. V
T1 - TEGEL
TP1 - TRÄPANEL
F1 - FIBERCEMENTSKIVA
S3 - SOCKEL, FIBERCEMENTSKIVA
SK1- SKÄRMTAK AV PLÅT
P1 - PLÅT PERFORERING
+84,450
+84,600
+85,60
S3 T1
P1
+84,63
+84,63
+84,61
+85,45
+84,63
STÖDMUR ENL. M
S3
TP1
VUK/ST
TP1
+84,630
STÖDMUR ENL. M
TP1
S3
+85,54
+85,60
+85,10
+84,60
+84,63
SK1
VUK
FILNAMN:
PROJEKTNAMN
OMRÅDE
PROJEKTNUMMER
ADRESS
DIARIENUMMER
FASTIGHET
DISCIPLIN
FÖRETAG
UPPDRAGSNUMMER
SKAPAD AV
TELEFON
KONTAKTPERSON
BYGGNADSVERK
PLUSHÖJD (RH 2000)
VÅNINGSPLAN
VÅNINGSDEL
DELOMRÅDE
SYSTEM
SPECIFIKATION
RITNINGSKATEGORI
SKALA
FORMAT
DOKUMENTNUMMER
ÄNDRING
STATUS
HANDLING
DATUM
GODKÄND AV
ÄNDRINGS PM
BESTÄLLARE
SKALA 1:100 (A1-format)
0
METER
5
10
N
SEKTION
ORIENTERINGSFIGUR
A
B
C
D
E
C:\Autodesk\BIM_Local_Files\304051-A-40-V-000-3479-R22-C_Johanna.Theorin54EDB.rvt
2024-09-17 07:48:35
A
PM-01
A
304051
19173
2240/21
3479
076-492 55 38
HUS A
-
-
ANNANDAGSGATAN 1
1:100
A1
40 - SAMMANSATT REDOVISNING
HUS A, FASAD MOT NORR, ÖSTER
GÖTEBORG KORTEDALA 90:3
SEMRÉN & MÅNSSON ARK.
MARTINA BOYTON
MARCUS BLOMQVIST
-
-
FASAD
304051-A-40-3-A001
ANNANDAGSGATAN NY FÖRSKOLA
FÖRFRÅGNINGSUNDERLAG
GODKÄND
2023-12-20
M. BLOMQVIST
FASAD MOT ÖSTER
FASAD MOT NORR
",
11,"FÖRKLARINGAR
SE RITNING 304051-A-40-3-A001.
FÖRESKRIFTER
SE RITNING 304051-A-40-3-A001.
HÄNVISNINGAR
SE RITNING 304051-A-40-3-A001.
+84,63
+84,63
+84,45
S3
TP1
+84,61
+84,45
+84,50
S3
TP1
+84,450
+84,450
S3
TP1
P1
F1
FILNAMN:
PROJEKTNAMN
OMRÅDE
PROJEKTNUMMER
ADRESS
DIARIENUMMER
FASTIGHET
DISCIPLIN
FÖRETAG
UPPDRAGSNUMMER
SKAPAD AV
TELEFON
KONTAKTPERSON
BYGGNADSVERK
PLUSHÖJD (RH 2000)
VÅNINGSPLAN
VÅNINGSDEL
DELOMRÅDE
SYSTEM
SPECIFIKATION
RITNINGSKATEGORI
SKALA
FORMAT
DOKUMENTNUMMER
ÄNDRING
STATUS
HANDLING
DATUM
GODKÄND AV
ÄNDRINGS PM
BESTÄLLARE
SKALA 1:100 (A1-format)
0
METER
5
10
N
SEKTION
ORIENTERINGSFIGUR
A
B
C
D
E
C:\Autodesk\BIM_Local_Files\304051-A-40-V-000-3479-R22-C_Johanna.Theorin54EDB.rvt
2024-09-17 07:48:55
A
PM-01
A
304051
19173
2240/21
3479
076-492 55 38
HUS A
-
-
ANNANDAGSGATAN 1
1:100
A1
40 - SAMMANSATT REDOVISNING
HUS A, FASAD M SÖDER, VÄSTER
GÖTEBORG KORTEDALA 90:3
SEMRÉN & MÅNSSON ARK.
MARTINA BOYTON
MARCUS BLOMQVIST
-
-
FASAD
304051-A-40-3-A002
ANNANDAGSGATAN NY FÖRSKOLA
FÖRFRÅGNINGSUNDERLAG
GODKÄND
2023-12-20
M. BLOMQVIST
FASAD MOT VÄSTER
FASAD MOT SÖDER
",
12,"FÖRKLARINGAR
ALLA MÅTT ANGES I MILLIMETER.
ALLA PLUSHÖJDER ANGES I METER.
BETECKNINGAR:
HR = HÄNGRÄNNA
STR = STUPRÖR
TL = TAKLUCKA
RL = RÖKLUCKA
TH = TAKHUV ENL. V
KD = KONDENSOR
SKRAFFERINGAR:
TAKTÄCKNING AV PLÅT
FÖRESKRIFTER
TAKSÄKERHET ENLIGT TEKNISK BESKRIVNING
HÄNVISNINGAR
SITUATIONSPLAN ENL. MARK
BRANDSKYDDSDOKUMENTATION ENL. BRAND
TAKHUVAR ENL. VENTILATION
TEKNISK BESKRIVNING (304051-A-TBH)
A-A
304051-A-40-2-A001
A-A
304051-A-40-2-A001
B-B
304051-A-40-2-A001
B-B
304051-A-40-2-A001
C-C
304051-A-40-2-A001
C-C
304051-A-40-2-A001
26°
26°
26°
HR
HR
HR
HR
26°
STR
STR
STR
STR
STR
STR
KD2
KD3
KD4
KD1
FÖRESLAGEN PLACERING 
KONDENSORER
TH
TH
RL
TL
FILNAMN:
PROJEKTNAMN
OMRÅDE
PROJEKTNUMMER
ADRESS
DIARIENUMMER
FASTIGHET
DISCIPLIN
FÖRETAG
UPPDRAGSNUMMER
SKAPAD AV
TELEFON
KONTAKTPERSON
BYGGNADSVERK
PLUSHÖJD (RH 2000)
VÅNINGSPLAN
VÅNINGSDEL
DELOMRÅDE
SYSTEM
SPECIFIKATION
RITNINGSKATEGORI
SKALA
FORMAT
DOKUMENTNUMMER
ÄNDRING
STATUS
HANDLING
DATUM
GODKÄND AV
ÄNDRINGS PM
BESTÄLLARE
SKALA 1:100 (A1-format)
0
METER
5
10
N
SEKTION
ORIENTERINGSFIGUR
A
B
C
D
E
C:\Autodesk\BIM_Local_Files\304051-A-40-V-000-3479-R22-C_Johanna.Theorin54EDB.rvt
2023-12-20 16:49:37
A
304051
19173
2240/21
3479
076-492 55 38
HUS A
PLAN 4 -
ANNANDAGSGATAN 1
1:100
A1
41 - YTTERTAK OCH YTTERBJÄLKLAG
HUS A, TAKPLAN
GÖTEBORG KORTEDALA 90:3
SEMRÉN & MÅNSSON ARK.
MARCUS BLOMQVIST
MARCUS BLOMQVIST
-
-
TAKPLAN
304051-A-41-1-A400
ANNANDAGSGATAN NY FÖRSKOLA
FÖRFRÅGNINGSUNDERLAG
GODKÄND
2023-12-20
M. BLOMQVIST
",
13,"FÖRKLARINGAR
ALLA MÅTT AVSER MODULMÅTT DÄR EJ ANNAT ANGES.
KODER OCH RUBRIKER ANSLUTER TILL
RADNUMMER I 81 81 06.
ALLA MÅTT OCH PLUSHÖJDER KONTROLLERAS PÅ PLATS 
INNAN TILLVERKNING SKER. 
FÖNSTER SES FRÅN GÅNGJÄRNSSIDAN.
FÖNSTER LITTRERAS PÅ PLANER.
BRÖSTNINGSHÖJD ENL. PLANRITNING
H = HÖGERHÄNGD
V = VÄNSTERHÄNGD
Ö = ÖPPNINGSBAR DEL AV FÖNSTER
F = FAST DEL AV FÖNSTER
FTÖxxy = FÖNSTER TRÄ ÖPPNINGSBART
FTFxxy = FÖNSTER TRÄ FAST
FÖRESKRIFTER
4. SORT/TYP
UTFÖRS SOM ALUMINIUMKLÄDDA TRÄFÖNSTER, 
FASTA/ÖPPNINGSBARA. ÖPPNINGSBARA FÖNSTER SKA 
UTFÖRAS PIVOTHÄNGDA.
5. MÅTT, BREDD, HÖJD OCH DELNING.
ENL. FIGUR  
6. FUNKTIONSKRAV, VÄRME-, BRAND-, LJUD- :
BRAND- OCH LJUDKRAV ENL. TABELL. VID MOTSTRIDIGA 
UPPGIFTER GÄLLER BRANDSKYDDSDOKUMENTATION OCH 
LJUDKRAVSRITNING FÖRE DENNA HANDLING.
LJUDREDUKTION AVSER Rw(dB).
9. YTBEHANDLING 
LEVERERAS FÄRDIGBEHANDLADE FRÅN FABRIK ENLIGT 
LEVERANTÖRENS STANDARD. 
KULÖR ENLIGT TABELL.
10. GLASTYP
ENLIGT LEVERANTÖRENS STANDARD. GLAS SKA UPPFYLLA 
KRAV ENLIGT BBR BETRÄFFANDE PERSONSÄKERHET SAMT  
STADSFASTIGHETSFÖRVALTNINGENS TEKNISKA ANVISNINGAR 
OCH MTK GLASSÄKRA MILJÖER - SKOLOR OCH FÖRSKOLOR.
HÄNVISNINGAR
BRANDSKYDDSDOKUMENTATION ENL. BRAND
LJUDKRAVSRITNING ENL. AKUSTIK
TEKNISK BESKRIVNING (304051-A-TBH)
TYPRUMSBESKRIVNING (304051-A-RUB)
PLANRITNINGAR 304051-A-40-1-A100--304051-A-40-1-A300
F
9M
10M
19M
19M
20M
a
a
19M
Ö
F
F
F
Ö
a
a
20M
19M
11M
19M
Ö
F
Ö
a
a
20M
19M
6M
13M
F
F
9M
17M
FTF09a
FTÖ10
FTF20
FTÖ20a
INNE
UTE
INNE
UTE
INNE
UTE
INNE
UTE
FTÖ11
INNE
UTE
FTÖ20b
INNE
UTE
INNE
UTE
FTF09b
INNE
UTE
FTÖ30
Ö
F
F
F
30M
19M
6M
13M
Ö
a
a
a
FILNAMN:
PROJEKTNAMN
OMRÅDE
PROJEKTNUMMER
ADRESS
DIARIENUMMER
FASTIGHET
DISCIPLIN
FÖRETAG
UPPDRAGSNUMMER
SKAPAD AV
TELEFON
KONTAKTPERSON
BYGGNADSVERK
PLUSHÖJD (RH 2000)
VÅNINGSPLAN
VÅNINGSDEL
DELOMRÅDE
SYSTEM
SPECIFIKATION
RITNINGSKATEGORI
SKALA
FORMAT
DOKUMENTNUMMER
ÄNDRING
STATUS
HANDLING
DATUM
GODKÄND AV
ÄNDRINGS PM
BESTÄLLARE
SKALA 1:50 (A1-format)
0
1
2
3
4
5
METER
N
SEKTION
ORIENTERINGSFIGUR
A
B
C
D
E
C:\Autodesk\BIM_Local_Files\304051-A-40-V-000-3479-R22-C_Johanna.Theorin54EDB.rvt
2023-12-20 16:49:52
A
304051
19173
2240/21
3479
076-492 55 38
HUS A
-
-
ANNANDAGSGATAN 1
1:50
A1
42 - YTTERVÄGG
UTV. TRÄFÖNSTER
GÖTEBORG KORTEDALA 90:3
SEMRÉN & MÅNSSON ARK.
JOHANNA THEORIN
MARCUS BLOMQVIST
-
-
UPPSTÄLLNINGAR
304051-A-42-4-A011
ANNANDAGSGATAN NY FÖRSKOLA
FÖRFRÅGNINGSUNDERLAG
GODKÄND
2023-12-20
M. BLOMQVIST
F2.0 LITTERA
3 ANTAL
3.1 HÄNGNING
F6.3 BRANDMOTSTÅND
F6.4 LJUDISOLERING
F9.3 KULÖR, UTVÄNDIGT
F9.4 KULÖR, INVÄNDIGT
FTF09a
2
-
-
38 dB
RAL 6011
NCS S 0500-N
FTF09b
1
-
-
38 dB
RAL 6011
NCS S 0500-N
FTF20a
1
-
-
38 dB
RAL 6011
NCS S 0500-N
FTÖ10a
1
-
-
38 dB
RAL 6011
NCS S 0500-N
FTÖ11a
1
-
-
38 dB
RAL 6011
NCS S 0500-N
FTÖ20a
3
-
-
38 dB
RAL 6011
NCS S 0500-N
FTÖ20b
8
-
-
38 dB
RAL 6011
NCS S 0500-N
FTÖ30a
6
-
-
38 dB
RAL 6011
NCS S 0500-N
",
14,"FÖRKLARINGAR
ALLA MÅTT AVSER MODULMÅTT DÄR EJ ANNAT ANGES.
KODER OCH RUBRIKER ANSLUTER TILL
RADNUMMER I 81 81 06.
ALLA MÅTT OCH PLUSHÖJDER KONTROLLERAS PÅ PLATS 
INNAN TILLVERKNING SKER. 
FÖNSTER SES FRÅN GÅNGJÄRNSSIDAN.
FÖNSTER LITTRERAS PÅ PLANER.
BRÖSTNINGSHÖJD ENL. PLANRITNING
Ö = ÖPPNINGSBAR DEL AV FÖNSTER
F = FAST DEL AV FÖNSTER
FAÖxxy = FÖNSTER ALUMINIUM ÖPPNINGSBART
FAFxxy = FÖNSTER ALUMINIUM FAST
FÖRESKRIFTER
4. SORT/TYP
UTFÖRS SOM ALUMINIUMFÖNSTER, FASTA/ÖPPNINGSBARA
ÖPPNINGSBARA FÖNSTER SKA UTFÖRAS PIVOTHÄNGDA. 
5. MÅTT, BREDD, HÖJD OCH DELNING.
ENL. FIGUR  
6. FUNKTIONSKRAV, VÄRME-, BRAND-, LJUD- :
BRAND- OCH LJUDKRAV ENL. TABELL. VID MOTSTRIDIGA 
UPPGIFTER GÄLLER BRANDSKYDDSDOKUMENTATION OCH 
LJUDKRAVSRITNING FÖRE DENNA HANDLING.
LJUDREDUKTION AVSER Rw(dB).
9. YTBEHANDLING 
LEVERERAS FÄRDIGBEHANDLADE FRÅN FABRIK ENLIGT 
LEVERANTÖRENS STANDARD. 
KULÖR ENLIGT TABELL.
10. GLASTYP
ENLIGT LEVERANTÖRENS STANDARD. GLAS SKA UPPFYLLA 
KRAV ENLIGT BBR BETRÄFFANDE PERSONSÄKERHET SAMT  
STADSFASTIGHETSFÖRVALTNINGENS TEKNISKA ANVISNINGAR 
OCH MTK GLASSÄKRA MILJÖER - SKOLOR OCH FÖRSKOLOR.
HÄNVISNINGAR
BRANDSKYDDSDOKUMENTATION ENL. BRAND
LJUDKRAVSRITNING ENL. AKUSTIK
TEKNISK BESKRIVNING (304051-A-TBH)
TYPRUMSBESKRIVNING (304051-A-RUB)
PLANRITNINGAR 304051-A-40-1-A100--304051-A-40-1-A200
20M
a
a
13M
Ö
F
20M
a
a
8M
F
F
FAÖ20
FAF20
INNE
UTE
INNE
UTE
FILNAMN:
PROJEKTNAMN
OMRÅDE
PROJEKTNUMMER
ADRESS
DIARIENUMMER
FASTIGHET
DISCIPLIN
FÖRETAG
UPPDRAGSNUMMER
SKAPAD AV
TELEFON
KONTAKTPERSON
BYGGNADSVERK
PLUSHÖJD (RH 2000)
VÅNINGSPLAN
VÅNINGSDEL
DELOMRÅDE
SYSTEM
SPECIFIKATION
RITNINGSKATEGORI
SKALA
FORMAT
DOKUMENTNUMMER
ÄNDRING
STATUS
HANDLING
DATUM
GODKÄND AV
ÄNDRINGS PM
BESTÄLLARE
SKALA 1:50 (A1-format)
0
1
2
3
4
5
METER
N
SEKTION
ORIENTERINGSFIGUR
A
B
C
D
E
C:\Autodesk\BIM_Local_Files\304051-A-40-V-000-3479-R22-C_Johanna.Theorin54EDB.rvt
2023-12-20 17:21:49
A
304051
19173
2240/21
3479
076-492 55 38
HUS A
-
-
ANNANDAGSGATAN 1
1:50
A1
42 - YTTERVÄGG
UTV. ALUMINIUMFÖNSTER
GÖTEBORG KORTEDALA 90:3
SEMRÉN & MÅNSSON ARK.
JOHANNA THEORIN
MARCUS BLOMQVIST
-
-
UPPSTÄLLNINGAR
304051-A-42-4-A021
ANNANDAGSGATAN NY FÖRSKOLA
FÖRFRÅGNINGSUNDERLAG
GODKÄND
2023-12-20
M. BLOMQVIST
F2.0 LITTERA
3 ANTAL
3.1 HÄNGNING
F6.3 BRANDMOTSTÅND
F6.4 LJUDISOLERING
F9.3 KULÖR, UTVÄNDIGT
F9.4 KULÖR, INVÄNDIGT
FAF20a
1
-
-
38 dB
RAL 6011
NCS S 0500-N
FAÖ20a
1
-
-
38 dB
RAL 6011
NCS S 0500-N
",
15,"FÖRKLARINGAR
ALLA MÅTT AVSER MODULMÅTT DÄR EJ ANNAT ANGES.
KODER OCH RUBRIKER ANSLUTER TILL
RADNUMMER I SS 817340
ALLA MÅTT OCH PLUSHÖJDER KONTROLLERAS PÅ PLATS 
INNAN TILLVERKNING SKER. 
DÖRRAR SES FRÅN GÅNGJÄRNSSIDAN.
DÖRRAR LITTRERAS PÅ PLANER.
H = HÖGERHÄNGD
V = VÄNSTERHÄNGD
S = SÄKERHETSGLAS
Ö = ÖPPNINGSBAR DEL AV PARTI
F = FAST DEL AV PARTI
T = TÄT DEL AV PARTI
= KONTRASTMARKERING MELLAN 900 ÖFG-1500 ÖFG.
KONTRASTMARKERING GESTALTAS AV ARKITEKT I 
BYGGHANDLINGSPROJEKTERING.
YMPxxy = UTVÄNDIGT METALLPARTI
FÖRESKRIFTER
HÄNVISNINGAR
BRANDSKYDDSDOKUMENTATION ENL. BRAND
LJUDKRAVSRITNING ENL. AKUSTIK
TEKNISK BESKRIVNING (304051-A-TBH)
TYPRUMSBESKRIVNING (304051-A-RUB)
PLANRITNINGAR 304051-A-40-1-A100--304051-A-40-1-A300
4.SORT/TYP
UTVÄNDIGA METALLPARTIER.
5.MÅTT, BREDD, HÖJD OCH DELNING.
ENL. FIGUR.
DÖRRAR MED BREDD 10M SKA UTFÖRAS MED FRITT 
PASSAGEMÅTT 840 mm VID 90 GRADERS ÖPPNING. 
UNDER BYGGHANDLINGSPROJEKTERING SKA KARMYTTERMÅTT 
UTREDAS SÅ ATT DET FRIA PASSAGEMÅTTET UPPNÅS.   
8. FUNKTIONSKRAV, VÄRME-, BRAND-, LJUD- :
BRAND- OCH LJUDKRAV ENL. TABELL. VID MOTSTRIDIGA 
UPPGIFTER GÄLLER BRANDSKYDDSDOKUMENTATION OCH 
LJUDKRAVSRITNING FÖRE DENNA HANDLING.
LJUDREDUKTION AVSER Rw(dB).
9. DÖRRBLADSYTA; MATERIAL OCH YTBEHANDLING
LEVERERAS FÄRDIGBEHANDLADE FRÅN FABRIK ENLIGT 
LEVERANTÖRENS STANDARD. KULÖR ENLIGT TABELL.
DÖRRKARM UTFÖRS I SAMMA KULÖR SOM DÖRRBLAD.
10. GLASTYP
ENLIGT LEVERANTÖRENS STANDARD. GLAS SKA UPPFYLLA 
KRAV ENLIGT BBR BETRÄFFANDE PERSONSÄKERHET SAMT  
STADSFASTIGHETSFÖRVALTNINGENS TEKNISKA ANVISNINGAR 
OCH MTK GLASSÄKRA MILJÖER - SKOLOR OCH FÖRSKOLOR.
F.G
F.G
25M
17M
7M
10M
S
S
T
S
F.G
S
S
Ö
17M
10M
7M
5M
21M
26M
10M
7M
17M
6M
14M
20M
S
YMP17
AVSER PARTI
ANTAL: 1 ST
KULÖR: RAL 6011
AVSER DÖRR
V
V
INNE
UTE
INNE
UTE
FÖREKOMMER SPEGELVÄND
YMP17x26a
YMP10
AVSER PARTI
ANTAL: 1 ST
KULÖR: RAL 6011
YMP17x20a
INNE
UTE
FILNAMN:
PROJEKTNAMN
OMRÅDE
PROJEKTNUMMER
ADRESS
DIARIENUMMER
FASTIGHET
DISCIPLIN
FÖRETAG
UPPDRAGSNUMMER
SKAPAD AV
TELEFON
KONTAKTPERSON
BYGGNADSVERK
PLUSHÖJD (RH 2000)
VÅNINGSPLAN
VÅNINGSDEL
DELOMRÅDE
SYSTEM
SPECIFIKATION
RITNINGSKATEGORI
SKALA
FORMAT
DOKUMENTNUMMER
ÄNDRING
STATUS
HANDLING
DATUM
GODKÄND AV
ÄNDRINGS PM
BESTÄLLARE
SKALA 1:50 (A1-format)
0
1
2
3
4
5
METER
N
SEKTION
ORIENTERINGSFIGUR
A
B
C
D
E
C:\Autodesk\BIM_Local_Files\304051-A-40-V-000-3479-R22-C_Martina.Boyton.rvt
2023-12-21 13:18:05
A
304051
19173
2240/21
3479
076-492 55 38
HUS A
-
-
ANNANDAGSGATAN 1
1:50
A1
42 - YTTERVÄGG
UTV. PARTIER AV METALL
GÖTEBORG KORTEDALA 90:3
SEMRÉN & MÅNSSON ARK.
JOHANNA THEORIN
MARCUS BLOMQVIST
-
-
UPPSTÄLLNINGAR
304051-A-42-4-A041
ANNANDAGSGATAN NY FÖRSKOLA
FÖRFRÅGNINGSUNDERLAG
GODKÄND
2023-12-20
M. BLOMQVIST
D2.0 LITTERA
3.1 HÄNGNING
3 ANTAL
D8.2 BRANDMOTSTÅND
D8.3 LJUDISOLERING
D9.2 YTBEHANDLING
YMP10a
V
1
-
-
RAL 6011
YMP17a
H
4
-
38 dB
RAL 6011
YMP17a
V
4
-
38 dB
RAL 6011
",840 m
16,"FÖRKLARINGAR
ALLA MÅTT AVSER MODULMÅTT DÄR EJ ANNAT ANGES.
KODER OCH RUBRIKER ANSLUTER TILL
RADNUMMER I SS 817340
ALLA MÅTT OCH PLUSHÖJDER KONTROLLERAS PÅ PLATS 
INNAN TILLVERKNING SKER. 
DÖRRAR SES FRÅN GÅNGJÄRNSSIDAN.
DÖRRAR LITTRERAS PÅ PLANER.
H = HÖGERHÄNGD
V = VÄNSTERHÄNGD
A = AKTIVT DÖRRBLAD
P = PASSIVT DÖRRBLAD
FÖRESKRIFTER
HÄNVISNINGAR
BRANDSKYDDSDOKUMENTATION ENL. BRAND
LJUDKRAVSRITNING ENL. AKUSTIK
TEKNISK BESKRIVNING (304051-A-TBH)
TYPRUMSBESKRIVNING (304051-A-RUB)
PLANRITNINGAR 304051-A-40-1-A100--304051-A-40-1-A300
4.SORT/TYP
UTVÄNDIGA GRINDAR AV RAM I METALL OCH RIBBOR AV 
TRÄ.
5.MÅTT, BREDD, HÖJD OCH DELNING.
ENL. FIGUR.
DÖRRAR MED BREDD 10M SKA UTFÖRAS MED FRITT 
PASSAGEMÅTT 840 mm VID 90 GRADERS ÖPPNING. 
UNDER BYGGHANDLINGSPROJEKTERING SKA KARMYTTERMÅTT 
UTREDAS SÅ ATT DET FRIA PASSAGEMÅTTET UPPNÅS. 
8. FUNKTIONSKRAV, VÄRME-, BRAND-, LJUD- :
BRAND- OCH LJUDKRAV ENL. TABELL. VID MOTSTRIDIGA 
UPPGIFTER GÄLLER BRANDSKYDDSDOKUMENTATION OCH 
LJUDKRAVSRITNING FÖRE DENNA HANDLING.
LJUDREDUKTION AVSER Rw(dB).
9. DÖRRBLADSYTA; MATERIAL OCH YTBEHANDLING
LEVERERAS FÄRDIGLACKADE FRÅN FABRIK ENLIGT 
LEVERANTÖRENS STANDARD. 
BÅDE AKTIVT OCH PASSIVT DÖRRBLAD FÖRSES MED 
SPANJOLETT NER I MARK.
15. ANMÄRKNING
GRINDAR SKA UTFÖRAS EJ KLÄTTNINGSBARA.
19M
12M
a
a
F.G
F.G
F.G
F.G
21M
8M
9M
21M
F.G
9M
17M
21M
10M
DUBBELGRIND
H
A
P
GRIND
GRIND
V
H
GRIND
V
GRIND
FILNAMN:
PROJEKTNAMN
OMRÅDE
PROJEKTNUMMER
ADRESS
DIARIENUMMER
FASTIGHET
DISCIPLIN
FÖRETAG
UPPDRAGSNUMMER
SKAPAD AV
TELEFON
KONTAKTPERSON
BYGGNADSVERK
PLUSHÖJD (RH 2000)
VÅNINGSPLAN
VÅNINGSDEL
DELOMRÅDE
SYSTEM
SPECIFIKATION
RITNINGSKATEGORI
SKALA
FORMAT
DOKUMENTNUMMER
ÄNDRING
STATUS
HANDLING
DATUM
GODKÄND AV
ÄNDRINGS PM
BESTÄLLARE
SKALA 1:50 (A1-format)
0
1
2
3
4
5
METER
N
SEKTION
ORIENTERINGSFIGUR
A
B
C
D
E
C:\Autodesk\BIM_Local_Files\304051-A-40-V-000-3479-R22-C_Johanna.Theorin54EDB.rvt
2023-12-20 16:50:15
A
304051
19173
2240/21
3479
076-492 55 38
HUS A, B & C
-
-
ANNANDAGSGATAN 1
1:50
A1
42 - YTTERVÄGG
UTV. GRINDAR AV METALL
GÖTEBORG KORTEDALA 90:3
SEMRÉN & MÅNSSON ARK.
JOHANNA THEORIN
MARCUS BLOMQVIST
-
-
UPPSTÄLLNINGAR
304051-A-42-4-A042
ANNANDAGSGATAN NY FÖRSKOLA
FÖRFRÅGNINGSUNDERLAG
GODKÄND
2023-12-20
M. BLOMQVIST
DUBBELGRIND TILL BARNVAGNSFÖRRÅD
ANTAL: 3 STYCKEN
GRIND TILL RETURGODS
ANTAL: 1 STYCKEN
GRIND TILL LOFTGÅNGSTRAPPA PLAN 1
ANTAL: 1 STYCKEN
GRIND TILL FÖRRÅD UNDER TRAPPA
ANTAL: 1 STYCKEN
GRIND TILL LOFTGÅNGSTRAPPA PLAN 2
ANTAL: 1 STYCKEN
",840 m
17,"FÖRKLARINGAR
ALLA MÅTT AVSER MODULMÅTT DÄR EJ ANNAT ANGES.
KODER OCH RUBRIKER ANSLUTER TILL
RADNUMMER I SS 817340
ALLA MÅTT OCH PLUSHÖJDER KONTROLLERAS PÅ PLATS 
INNAN TILLVERKNING SKER. 
DÖRRAR SES FRÅN GÅNGJÄRNSSIDAN.
DÖRRAR LITTRERAS PÅ PLANER.
H= HÖGERHÄNGD
V= VÄNSTERHÄNGD
YDSxxy = UTVÄNDIG STÅLDÖRR
YDSGxxy = UTVÄNDIG STÅLDÖRR, GLASAD
FÖRESKRIFTER
HÄNVISNINGAR
BRANDSKYDDSDOKUMENTATION ENL. BRAND
LJUDKRAVSRITNING ENL. AKUSTIK
TEKNISK BESKRIVNING (304051-A-TBH)
TYPRUMSBESKRIVNING (304051-A-RUB)
PLANRITNINGAR 304051-A-40-1-A100--304051-A-40-1-A200
4.SORT/TYP
UTVÄNDIGA STÅLDÖRRAR.  
5.MÅTT, BREDD, HÖJD OCH DELNING.
ENL. FIGUR.
DÖRRAR MED BREDD 10M SKA UTFÖRAS MED FRITT 
PASSAGEMÅTT 840 mm VID 90 GRADERS ÖPPNING. 
UNDER BYGGHANDLINGSPROJEKTERING SKA KARMYTTERMÅTT 
UTREDAS SÅ ATT DET FRIA PASSAGEMÅTTET UPPNÅS. 
8. FUNKTIONSKRAV, VÄRME-, BRAND-, LJUD- :
BRAND- OCH LJUDKRAV ENL. TABELL. VID MOTSTRIDIGA 
UPPGIFTER GÄLLER BRANDSKYDDSDOKUMENTATION OCH 
LJUDKRAVSRITNING FÖRE DENNA HANDLING.
LJUDREDUKTION AVSER Rw(dB).
9. DÖRRBLADSYTA; MATERIAL OCH YTBEHANDLING
LEVERERAS FÄRDIGBEHANDLADE FRÅN FABRIK ENLIGT 
LEVERANTÖRENS STANDARD. 
KULÖR ENLIGT TABELL.
10. GLASTYP
ENLIGT LEVERANTÖRENS STANDARD. GLAS SKA UPPFYLLA 
KRAV ENLIGT BBR BETRÄFFANDE PERSONSÄKERHET.
ENLIGT LEVERANTÖRENS STANDARD. GLAS SKA UPPFYLLA 
KRAV ENLIGT BBR BETRÄFFANDE PERSONSÄKERHET SAMT  
STADSFASTIGHETSFÖRVALTNINGENS TEKNISKA ANVISNINGAR 
OCH MTK GLASSÄKRA MILJÖER - SKOLOR OCH FÖRSKOLOR.
10M
21M
F.G
12M
21M
F.G
12M
F.G
21M
YDS10
V
YDS12
H
YDSG12
V
H
FILNAMN:
PROJEKTNAMN
OMRÅDE
PROJEKTNUMMER
ADRESS
DIARIENUMMER
FASTIGHET
DISCIPLIN
FÖRETAG
UPPDRAGSNUMMER
SKAPAD AV
TELEFON
KONTAKTPERSON
BYGGNADSVERK
PLUSHÖJD (RH 2000)
VÅNINGSPLAN
VÅNINGSDEL
DELOMRÅDE
SYSTEM
SPECIFIKATION
RITNINGSKATEGORI
SKALA
FORMAT
DOKUMENTNUMMER
ÄNDRING
STATUS
HANDLING
DATUM
GODKÄND AV
ÄNDRINGS PM
BESTÄLLARE
SKALA 1:50 (A1-format)
0
1
2
3
4
5
METER
N
SEKTION
ORIENTERINGSFIGUR
A
B
C
D
E
C:\Autodesk\BIM_Local_Files\304051-A-40-V-000-3479-R22-C_Johanna.Theorin54EDB.rvt
2023-12-20 16:50:21
A
304051
19173
2240/21
3479
076-492 55 38
HUS A & B
-
-
ANNANDAGSGATAN 1
1:50
A1
42 - YTTERVÄGG
UTV. STÅLDÖRRAR
GÖTEBORG KORTEDALA 90:3
SEMRÉN & MÅNSSON ARK.
JOHANNA THEORIN
MARCUS BLOMQVIST
-
-
UPPSTÄLLNINGAR
304051-A-42-4-A061
ANNANDAGSGATAN NY FÖRSKOLA
FÖRFRÅGNINGSUNDERLAG
GODKÄND
2023-12-20
M. BLOMQVIST
D2.0 LITTERA
3.1 HÄNGNING
3 ANTAL
D8.2 BRANDMOTSTÅND
D8.3 LJUDISOLERING
D9.2 YTBEHANDLING
D10.0 GLASÖPPNING
YDS10a
H
1
-
-
RAL 6011
-
YDS10a
V
2
-
-
RAL 6011
-
YDS12a
V
1
-
-
RAL 6011
-
YDSG12a
V
1
-
-
RAL 6011
G21
",840 m
18,"FÖRKLARINGAR
ALLA MÅTT ANGES I MILLIMETER
RUMSHÖJD AVSER UNDERKANT UNDERTAK FRÅN 
FÄRDIGT GOLV
FÖRESKRIFTER
UT1
DEMONTERBART SYSTEMUNDERTAK TYP 
'ECOPHON MASTER A' ELLER LIKVÄRDIG. STORLEK 600X600, 
TJOCKLEK 40MM, KULÖR: 'WHITE FROST' NCS S 0500-N
STANDARDBÄRVERK TYP 'CONNECT T24' ELLER LIKVÄRDIGT,
KULÖR 'VIT 01' NCS S 0500-N.
UT2
DEMONTERBART SYSTEMUNDERTAK TYP 'ECOPHON HYGIENE
PERFORMANCE' KANT A ELLER LIKVÄRDIG. STORLEK 
600X600, TJOCKLEK 20MM, KULÖR: 'WHITE 500' NCS S 0500-
N, STANDARDBÄRVERK TYP 'CONNECT T24 C3' ELLER 
LIKVÄRDIGT, KULÖR 'VIT 01' NCS S 0500-N.
ENTREPRENÖR ANSVARAR FÖR ATT UNDER 
BYGGHANDLINGSPROJEKTERINGEN SÄKERSTÄLLA ATT OVAN 
FÖRESKRIVNA UNDERTAK UPPFYLLER DE FUNKTIONSKRAV 
SOM ANGES I LJUDSKYDDSDOKUMENTATION
HÄNVISNINGAR
LJUDSKYDDSSOKUMENTATION ENL. AKUSTIK
TEKNISK BESKRIVNING (304051-A-TBH)
TYPRUMSBESKRIVNING (304051-A-RUB)
PLAN 304051-A-40-1-A100--304051-A-40-1-A300
UT2
2 700
UT1
2 700
UT1
2 700
UT1
2 700
UT1
2 700
UT1
2 700
UT2
2 500
UT1
2 500
UT1
2 500
UT1
2 500
UT1
2 500
UT1
2 500
UT1
2 700
UT1
2 700
UT1
2 700
UT1
2 700
UT1
2 700
A103
Tillagningskök
A110
El
A112
UC
A121
Trapphus
A133
Allrum
A134
Vilrum
A135
Skötrum
A136
WC
A137
WC
A130
Groventré
A150
Groventré
A140
RWC/D
A152
Kapprum
A151
WC
A131
WC
A155
Skötrum
A156
WC
A153
Allrum
A154
Vilrum
A132
Kapprum
UT1
2 500
UT1
2 700
UT1
2 700
A120
Vindfång
Hiss
A122
Städ
UT1
2 700
A109
Förråd
A108
Kylrum
A107
Frysrum
A104
Varumottagning
A102
Diskrum
A100
Vagnplats
A105
Omklädning
A106
WC/D
UT2
2 700
UT2
2 700
UT2
2 700
UT2
2 700
UT2
2 700
UT2
2 700
UT1
2 700
UT1
2 700
A138
Lekrum
A141
Aktivitetsrum
A158
Lekrum
UT1
2 700
A139
ELC
FRD
FRD
FRD
FRD
A157
WC
FILNAMN:
PROJEKTNAMN
OMRÅDE
PROJEKTNUMMER
ADRESS
DIARIENUMMER
FASTIGHET
DISCIPLIN
FÖRETAG
UPPDRAGSNUMMER
SKAPAD AV
TELEFON
KONTAKTPERSON
BYGGNADSVERK
PLUSHÖJD (RH 2000)
VÅNINGSPLAN
VÅNINGSDEL
DELOMRÅDE
SYSTEM
SPECIFIKATION
RITNINGSKATEGORI
SKALA
FORMAT
DOKUMENTNUMMER
ÄNDRING
STATUS
HANDLING
DATUM
GODKÄND AV
ÄNDRINGS PM
BESTÄLLARE
SKALA 1:100 (A1-format)
0
METER
5
10
N
SEKTION
ORIENTERINGSFIGUR
A
B
C
D
E
C:\Autodesk\BIM_Local_Files\304051-A-40-V-000-3479-R22-C_Johanna.Theorin54EDB.rvt
2023-12-20 17:21:57
A
304051
19173
2240/21
3479
076-492 55 38
HUS A
PLAN 1 -
ANNANDAGSGATAN 1
1:100
A1
43 - INRE RUMSBILDANDE BYGGDELAR
HUS A, PLAN 1 UNDERTAK
GÖTEBORG KORTEDALA 90:3
SEMRÉN & MÅNSSON ARK.
MARTINA BOYTON
MARCUS BLOMQVIST
+84.65
-
UNDERTAK
304051-A-43-1-A100
ANNANDAGSGATAN NY FÖRSKOLA
FÖRFRÅGNINGSUNDERLAG
GODKÄND
2023-12-20
M. BLOMQVIST
",
19,"FÖRKLARINGAR
SE RITNING 304051-A-43-1-A100
FÖRESKRIFTER
SE RITNING 304051-A-43-1-A100
HÄNVISNINGAR
SE RITNING 304051-A-43-1-A100
UT2
2 700
UT1
2 700
UT1
2 700
UT1
2 700
UT1
2 700
UT1
2 700
UT1
2 700
UT1
2 700
UT1
2 700
UT1
2 700
UT1
2 700
UT1
2 700
UT1
2 700
UT1
2 700
UT1
2 700
UT1
2 700
UT1
2 700
UT1
2 700
UT1
2 700
A210
Trapphus
UT1
2 700
A220
Groventré
A240
Groventré
UT1
2 700
A205
Arbetsrum
A206
Pausrum
A204
Kontor
A200
Korridor
A202
Förråd
A203
Städ och tvätt
A208
RWC/D
A207
Omklädning
A211
Samtal/vila
UT1
2 700
UT2
2 700
UT1
2 700
UT2
2 700
UT1
2 700
UT1
2 700
UT1
2 700
A222
Kapprum
A223
Allrum
A224
Vilrum
A225
Skötrum
A228
Lekrum
A231
Aktivitetsrum
A230
RWC/D
A248
Lekrum
A245
Skötrum
A244
Vilrum
A247
WC
A246
WC
A227
WC
A226
WC
A242
Kapprum
A243
Allrum
A221
WC
A241
WC
UT1
2 700
A212
KÖK FRD
A201
Förråd
UT1
2 700
UT1
2 700
UT1
2 700
A229
ELC
FRD
FRD
FRD
FRD
TAK OVAN TRAPPA 
FÖRSES MED UNDERTAK 
AV TYP UT1
FILNAMN:
PROJEKTNAMN
OMRÅDE
PROJEKTNUMMER
ADRESS
DIARIENUMMER
FASTIGHET
DISCIPLIN
FÖRETAG
UPPDRAGSNUMMER
SKAPAD AV
TELEFON
KONTAKTPERSON
BYGGNADSVERK
PLUSHÖJD (RH 2000)
VÅNINGSPLAN
VÅNINGSDEL
DELOMRÅDE
SYSTEM
SPECIFIKATION
RITNINGSKATEGORI
SKALA
FORMAT
DOKUMENTNUMMER
ÄNDRING
STATUS
HANDLING
DATUM
GODKÄND AV
ÄNDRINGS PM
BESTÄLLARE
SKALA 1:100 (A1-format)
0
METER
5
10
N
SEKTION
ORIENTERINGSFIGUR
A
B
C
D
E
C:\Autodesk\BIM_Local_Files\304051-A-40-V-000-3479-R22-C_Johanna.Theorin54EDB.rvt
2023-12-20 16:50:35
A
304051
19173
2240/21
3479
076-492 55 38
HUS A
PLAN 2 -
ANNANDAGSGATAN 1
1:100
A1
43 - INRE RUMSBILDANDE BYGGDELAR
HUS A, PLAN 2 UNDERTAK
GÖTEBORG KORTEDALA 90:3
SEMRÉN & MÅNSSON ARK.
MARTINA BOYTON
MARCUS BLOMQVIST
+88.50
-
UNDERTAK
304051-A-43-1-A200
ANNANDAGSGATAN NY FÖRSKOLA
FÖRFRÅGNINGSUNDERLAG
GODKÄND
2023-12-20
M. BLOMQVIST
",
20,"FÖRKLARINGAR
ALLA MÅTT AVSER MODULMÅTT DÄR EJ ANNAT ANGES.
KODER OCH RUBRIKER REFERERAR TILL
RADNUMMER I SS 817340
ALLA MÅTT OCH PLUSHÖJDER KONTROLLERAS PÅ PLATS 
INNAN TILLVERKNING SKER. 
DÖRRAR SES FRÅN GÅNGJÄRNSSIDAN.
DÖRRAR LITTRERAS PÅ PLANER.
H= HÖGERHÄNGD
V= VÄNSTERHÄNGD
A= AKTIV DÖRRBLAD
P= PASSIVT DÖRRBLAD
S = SÄKERHETSGLAS
DTxxy = DÖRR AV TRÄ
DTGxxy = DÖRR AV TRÄ GLASAD
PDTxxy = PARDÖRR AV TRÄ
SKJxxy = SKJUTDÖRR AV TRÄ
FÖRESKRIFTER
HÄNVISNINGAR
BRANDSKYDDSDOKUMENTATION ENL. BRAND
LJUDKRAVSRITNING ENL. AKUSTIK
TEKNISK BESKRIVNING (304051-A-TBH)
TYPRUMSBESKRIVNING (304051-A-RUB)
PLANRITNINGAR 304051-A-40-1-A100--304051-A-40-1-A200
4. SORT/TYP
INVÄNDIGA LAMINATDÖRRAR.
5. MÅTT, BREDD, HÖJD OCH DELNING.
ENL. FIGUR.
DÖRRAR MED BREDD 10M SKA UTFÖRAS MED FRITT 
PASSAGEMÅTT 840 mm VID 90 GRADERS ÖPPNING. 
UNDER BYGGHANDLINGSPROJEKTERING SKA KARMYTTERMÅTT 
UTREDAS SÅ ATT DET FRIA PASSAGEMÅTTET UPPNÅS. 
8. FUNKTIONSKRAV, VÄRME-, BRAND-, LJUD- :
BRAND- OCH LJUDKRAV ENL. TABELL. VID MOTSTRIDIGA 
UPPGIFTER GÄLLER BRANDSKYDDSDOKUMENTATION OCH 
LJUDKRAVSRITNING FÖRE DENNA HANDLING.
LJUDREDUKTION AVSER Rw(dB).
9. DÖRRBLADSYTA; MATERIAL OCH YTBEHANDLING
LEVERERAS FÄRDIGBEHANDLADE FRÅN FABRIK ENLIGT 
LEVERANTÖRENS STANDARD. KULÖR ENLIGT TABELL.
DÖRRKARM UTFÖRS I SAMMA KULÖR SOM DÖRRBLAD.
10. GLASTYP
ENLIGT LEVERANTÖRENS STANDARD. GLAS SKA UPPFYLLA 
KRAV ENLIGT BBR BETRÄFFANDE PERSONSÄKERHET SAMT  
STADSFASTIGHETSFÖRVALTNINGENS TEKNISKA ANVISNINGAR 
OCH MTK GLASSÄKRA MILJÖER - SKOLOR OCH FÖRSKOLOR.
8M
10M
10M
10M
21M
F.G
F.G
F.G
F.G
21M
21M
21M
9M
F.G
21M
11M
F.G
21M
14M
F.G
21M
10M
4M
S
S
S
S
DT08
DT10
DTG10
SKJ10
DTG09
DT11
V
H
V
V
V
H
V
H
V
FÖREKOMMER ÄVEN HÖGER
DTG14
H
PDT09
PDT11
PDT16
PDT20
A
P
A
P
A
P
A
P
F.G
F.G
F.G
F.G
21M
9M
11M
21M
16M
21M
20M
21M
a
a
a
a
a
a
a
a
FILNAMN:
PROJEKTNAMN
OMRÅDE
PROJEKTNUMMER
ADRESS
DIARIENUMMER
FASTIGHET
DISCIPLIN
FÖRETAG
UPPDRAGSNUMMER
SKAPAD AV
TELEFON
KONTAKTPERSON
BYGGNADSVERK
PLUSHÖJD (RH 2000)
VÅNINGSPLAN
VÅNINGSDEL
DELOMRÅDE
SYSTEM
SPECIFIKATION
RITNINGSKATEGORI
SKALA
FORMAT
DOKUMENTNUMMER
ÄNDRING
STATUS
HANDLING
DATUM
GODKÄND AV
ÄNDRINGS PM
BESTÄLLARE
SKALA 1:50 (A1-format)
0
1
2
3
4
5
METER
N
SEKTION
ORIENTERINGSFIGUR
A
B
C
D
E
C:\Autodesk\BIM_Local_Files\304051-A-40-V-000-3479-R22-C_Martina.Boyton.rvt
2023-12-21 12:08:17
A
304051
19173
2240/21
3479
076-492 55 38
HUS A
-
-
ANNANDAGSGATAN 1
1:50
A1
43 - INRE RUMSBILDANDE BYGGDELAR
INV. TRÄDÖRRAR
GÖTEBORG KORTEDALA 90:3
SEMRÉN & MÅNSSON ARK.
JOHANNA THEORIN
MARCUS BLOMQVIST
-
-
UPPSTÄLLNINGAR
304051-A-43-4-A011
ANNANDAGSGATAN NY FÖRSKOLA
FÖRFRÅGNINGSUNDERLAG
GODKÄND
2023-12-20
M. BLOMQVIST
D2.0 LITTERA
3.1 HÄNGNING
3 ANTAL
D8.2 BRANDMOTSTÅND
D8.3 LJUDISOLERING
D9.2 KULÖR ANSLAGSSIDA
D9.2 KULÖR GÅNGJÄRNSSIDA
DT08a
H
7
-
-
F5342 EARTH (MULLVADSBRUN)
F5342 EARTH (MULLVADSBRUN)
DT08a
V
5
-
-
F5342 EARTH (MULLVADSBRUN)
F5342 EARTH (MULLVADSBRUN)
DT10a
H
1
-
-
F7929 OYSTER GREY (BEIGE)
F7929 OYSTER GREY (BEIGE)
DT10a
V
1
-
-
F7929 OYSTER GREY (BEIGE)
F7929 OYSTER GREY (BEIGE)
DT10b
V
1
-
28 dB
F5342 EARTH (MULLVADSBRUN)
F5342 EARTH (MULLVADSBRUN)
DT10c
V
3
-
33 dB
F7949 SOFT WHITE (VIT)
F5342 EARTH (MULLVADSBRUN)
DT10d
V
1
-
38 dB
F7929 OYSTER GREY (BEIGE)
F7929 OYSTER GREY (BEIGE)
DT10e
H
1
EI30-S200
-
F7929 OYSTER GREY (BEIGE)
F7929 OYSTER GREY (BEIGE)
DT10e
V
2
EI30-S200
-
F7929 OYSTER GREY (BEIGE)
F7929 OYSTER GREY (BEIGE)
DT11a
V
1
-
-
F7929 OYSTER GREY (BEIGE)
F7929 OYSTER GREY (BEIGE)
DTG09a
V
2
-
38 dB
F5342 EARTH (MULLVADSBRUN)
F5342 EARTH (MULLVADSBRUN)
DTG10a
H
2
-
-
F5342 EARTH (MULLVADSBRUN)
F5342 EARTH (MULLVADSBRUN)
DTG10a
V
2
-
-
F5342 EARTH (MULLVADSBRUN)
F5342 EARTH (MULLVADSBRUN)
DTG10b
H
6
-
33 dB
F5342 EARTH (MULLVADSBRUN)
F5342 EARTH (MULLVADSBRUN)
DTG10b
V
1
-
33 dB
F5342 EARTH (MULLVADSBRUN)
F5342 EARTH (MULLVADSBRUN)
DTG10c
H
4
-
38 dB
F5342 EARTH (MULLVADSBRUN)
F5342 EARTH (MULLVADSBRUN)
DTG10c
V
4
-
38 dB
F5342 EARTH (MULLVADSBRUN)
F5342 EARTH (MULLVADSBRUN)
DTG10d
V
1
EI30-S200
-
F5342 EARTH (MULLVADSBRUN)
F5342 EARTH (MULLVADSBRUN)
DTG10e
V
2
EI30-S200
33 dB
F5342 EARTH (MULLVADSBRUN)
F5342 EARTH (MULLVADSBRUN)
DTG10f
H
1
EI30-S200
38 dB
F5342 EARTH (MULLVADSBRUN)
F5342 EARTH (MULLVADSBRUN)
DTG10g
H
2
EI60-C
38 dB
F5342 EARTH (MULLVADSBRUN)
F5342 EARTH (MULLVADSBRUN)
DTG14a
H
1
-
38 dB
F5342 EARTH (MULLVADSBRUN)
F5342 EARTH (MULLVADSBRUN)
DTG14b
H
1
EI60-C
38 dB
F5342 EARTH (MULLVADSBRUN)
F5342 EARTH (MULLVADSBRUN)
PDT09a
-
1
EI60
-
F7949 SOFT WHITE (VIT)
F7949 SOFT WHITE (VIT)
PDT11a
-
2
-
-
F7929 OYSTER GREY (BEIGE)
F7929 OYSTER GREY (BEIGE)
PDT16a
-
8
-
-
F7929 OYSTER GREY (BEIGE)
F7929 OYSTER GREY (BEIGE)
PDT20a
-
1
EI60
-
F7949 SOFT WHITE (VIT)
F7949 SOFT WHITE (VIT)
SKJ10a
H
2
-
-
F5342 EARTH (MULLVADSBRUN)
F5342 EARTH (MULLVADSBRUN)
SKJ10a
V
2
-
-
F5342 EARTH (MULLVADSBRUN)
F5342 EARTH (MULLVADSBRUN)
",840 m
21,"FÖRKLARINGAR
ALLA MÅTT AVSER MODULMÅTT DÄR EJ ANNAT ANGES.
KODER OCH RUBRIKER REFERERAR TILL
RADNUMMER I SS 817340
ALLA MÅTT OCH PLUSHÖJDER KONTROLLERAS PÅ PLATS 
INNAN TILLVERKNING SKER. 
DÖRRAR SES FRÅN GÅNGJÄRNSSIDAN.
DÖRRAR LITTRERAS PÅ PLANER.
H= HÖGERHÄNGD
V= VÄNSTERHÄNGD
DSxxy = DÖRR AV STÅL
FÖRESKRIFTER
HÄNVISNINGAR
BRANDSKYDDSDOKUMENTATION ENL. BRAND
LJUDKRAVSRITNING ENL. AKUSTIK
TEKNISK BESKRIVNING (304051-A-TBH)
TYPRUMSBESKRIVNING (304051-A-RUB)
PLANRITNINGAR 304051-A-40-1-A100--304051-A-40-1-A200
4.SORT/TYP
INVÄNDIGA STÅLDÖRRAR.  
5.MÅTT, BREDD, HÖJD OCH DELNING.
ENL. FIGUR.
DÖRRAR MED BREDD 10M SKA UTFÖRAS MED FRITT 
PASSAGEMÅTT 840 mm VID 90 GRADERS ÖPPNING. 
UNDER BYGGHANDLINGSPROJEKTERING SKA KARMYTTERMÅTT 
UTREDAS SÅ ATT DET FRIA PASSAGEMÅTTET UPPNÅS.  
8. FUNKTIONSKRAV, VÄRME-, BRAND-, LJUD- :
BRAND- OCH LJUDKRAV ENL. TABELL. VID MOTSTRIDIGA 
UPPGIFTER GÄLLER BRANDSKYDDSDOKUMENTATION OCH 
LJUDKRAVSRITNING FÖRE DENNA HANDLING.
LJUDREDUKTION AVSER Rw(dB).
9. DÖRRBLADSYTA; MATERIAL OCH YTBEHANDLING
LEVERERAS FÄRDIGBEHANDLADE FRÅN FABRIK ENLIGT 
LEVERANTÖRENS STANDARD. 
KULÖR ENLIGT TABELL.
10M
21M
F.G
11M
21M
F.G
DS10
V
DS11
V
H
FILNAMN:
PROJEKTNAMN
OMRÅDE
PROJEKTNUMMER
ADRESS
DIARIENUMMER
FASTIGHET
DISCIPLIN
FÖRETAG
UPPDRAGSNUMMER
SKAPAD AV
TELEFON
KONTAKTPERSON
BYGGNADSVERK
PLUSHÖJD (RH 2000)
VÅNINGSPLAN
VÅNINGSDEL
DELOMRÅDE
SYSTEM
SPECIFIKATION
RITNINGSKATEGORI
SKALA
FORMAT
DOKUMENTNUMMER
ÄNDRING
STATUS
HANDLING
DATUM
GODKÄND AV
ÄNDRINGS PM
BESTÄLLARE
SKALA 1:50 (A1-format)
0
1
2
3
4
5
METER
N
SEKTION
ORIENTERINGSFIGUR
A
B
C
D
E
C:\Autodesk\BIM_Local_Files\304051-A-40-V-000-3479-R22-C_Johanna.Theorin54EDB.rvt
2023-12-20 16:50:47
A
304051
19173
2240/21
3479
076-492 55 38
HUS A
-
-
ANNANDAGSGATAN 1
1:50
A1
43 - INRE RUMSBILDANDE BYGGDELAR
INV. STÅLDÖRRAR
GÖTEBORG KORTEDALA 90:3
SEMRÉN & MÅNSSON ARK.
JOHANNA THEORIN
MARCUS BLOMQVIST
-
-
UPPSTÄLLNINGAR
304051-A-43-4-A021
ANNANDAGSGATAN NY FÖRSKOLA
FÖRFRÅGNINGSUNDERLAG
GODKÄND
2023-12-20
M. BLOMQVIST
D2.0 LITTERA
3.1 HÄNGNING
3 ANTAL
D8.2 BRANDMOTSTÅND
D8.3 LJUDISOLERING
D9.2 KULÖR ANSLAGSSIDA 
D9.2 KULÖR GÅNGJÄRNSSIDA
DS10a
H
2
EI60
-
NCS S 0500-N
NCS S 0500-N
DS10a
V
1
EI60
-
NCS S 0500-N
NCS S 0500-N
DS11a
V
1
EI30-S200
38 dB
NCS S 0500-N
NCS S 0500-N
",840 m
22,"FÖRKLARINGAR
ALLA MÅTT AVSER MODULMÅTT DÄR EJ ANNAT ANGES.
KODER OCH RUBRIKER REFERERAR TILL
RADNUMMER I SS 817340
ALLA MÅTT OCH PLUSHÖJDER KONTROLLERAS PÅ PLATS 
INNAN TILLVERKNING SKER. 
DÖRRAR SES FRÅN GÅNGJÄRNSSIDAN.
DÖRRAR LITTRERAS PÅ PLANER.
H= HÖGERHÄNGD
V= VÄNSTERHÄNGD
A= AKTIV DÖRRBLAD
P= PASSIVT DÖRRBLAD
DHxxy = DÖRR HYGIEN
DHGxxy = DÖRR HYGIEN GLASAD
PDHxxy = PARDÖRR HYGIEN
FÖRESKRIFTER
HÄNVISNINGAR
BRANDSKYDDSDOKUMENTATION ENL. BRAND
LJUDKRAVSRITNING ENL. AKUSTIK
TEKNISK BESKRIVNING (304051-A-TBH)
TYPRUMSBESKRIVNING (304051-A-RUB)
PLANRITNINGAR 304051-A-40-1-A100--304051-A-40-1-A200
4. SORT/TYP
INVÄNDIGA GLASFIBERARMERADE POLYESTERDÖRRAR.
5. MÅTT, BREDD, HÖJD OCH DELNING.
ENL. FIGUR.
DÖRRAR MED BREDD 10M SKA UTFÖRAS MED FRITT 
PASSAGEMÅTT 840 mm VID 90 GRADERS ÖPPNING. 
UNDER BYGGHANDLINGSPROJEKTERING SKA KARMYTTERMÅTT 
UTREDAS SÅ ATT DET FRIA PASSAGEMÅTTET UPPNÅS. 
8. FUNKTIONSKRAV, VÄRME-, BRAND-, LJUD- :
BRAND- OCH LJUDKRAV ENL. TABELL. VID MOTSTRIDIGA 
UPPGIFTER GÄLLER BRANDSKYDDSDOKUMENTATION OCH 
LJUDKRAVSRITNING FÖRE DENNA HANDLING.
LJUDREDUKTION AVSER Rw(dB).
9. DÖRRBLADSYTA; MATERIAL OCH YTBEHANDLING
LEVERERAS FÄRDIGBEHANDLADE FRÅN FABRIK ENLIGT 
LEVERANTÖRENS STANDARD.
KULÖR ENLIGT TABELL 
10. GLASTYP
ENLIGT LEVERANTÖRENS STANDARD. GLAS SKA UPPFYLLA 
KRAV ENLIGT BBR BETRÄFFANDE PERSONSÄKERHET SAMT  
STADSFASTIGHETSFÖRVALTNINGENS TEKNISKA ANVISNINGAR 
OCH MTK GLASSÄKRA MILJÖER - SKOLOR OCH FÖRSKOLOR.
13. KARM; TYP, KARMDJUP, MATERIAL OCH KULÖR
KARM ENLIGT LEVERANTÖRENS STANDARD. 
F.G
9M
21M
F.G
10M
21M
F.G
20M
19M
a
a
150
ELNISCH DÖRR UTFÖRS 
MED SOCKEL 150MM HÖG 
DH09
DHG10
PDH19
H
V
H
A
P
FILNAMN:
PROJEKTNAMN
OMRÅDE
PROJEKTNUMMER
ADRESS
DIARIENUMMER
FASTIGHET
DISCIPLIN
FÖRETAG
UPPDRAGSNUMMER
SKAPAD AV
TELEFON
KONTAKTPERSON
BYGGNADSVERK
PLUSHÖJD (RH 2000)
VÅNINGSPLAN
VÅNINGSDEL
DELOMRÅDE
SYSTEM
SPECIFIKATION
RITNINGSKATEGORI
SKALA
FORMAT
DOKUMENTNUMMER
ÄNDRING
STATUS
HANDLING
DATUM
GODKÄND AV
ÄNDRINGS PM
BESTÄLLARE
SKALA 1:50 (A1-format)
0
1
2
3
4
5
METER
N
SEKTION
ORIENTERINGSFIGUR
A
B
C
D
E
C:\Autodesk\BIM_Local_Files\304051-A-40-V-000-3479-R22-C_Johanna.Theorin54EDB.rvt
2023-12-20 17:22:06
A
304051
19173
2240/21
3479
076-492 55 38
HUS A
-
-
ANNANDAGSGATAN 1
1:50
A1
43 - INRE RUMSBILDANDE BYGGDELAR
INV. HYGIENDÖRRAR
GÖTEBORG KORTEDALA 90:3
SEMRÉN & MÅNSSON ARK.
JOHANNA THEORIN
MARCUS BLOMQVIST
-
-
UPPSTÄLLNINGAR
304051-A-43-4-A031
ANNANDAGSGATAN NY FÖRSKOLA
FÖRFRÅGNINGSUNDERLAG
GODKÄND
2023-12-20
M. BLOMQVIST
D2.0 LITTERA
3.1 HÄNGNING
3 ANTAL
D8.2 BRANDMOTSTÅND
D8.3 LJUDISOLERING
D9.2 YTBEHANDLING
D10.0 GLASÖPPNING
DH09a
H
1
-
-
NCS 0500-N
-
DH09a
V
2
-
-
NCS 0500-N
-
DHG10a
H
1
EI30-S200
28 dB
NCS 2005-Y50R
15% AV DÖRRBLADETS YTA
PDH19a
-
1
-
-
NCS 0500-N
-
",840 m
23,"FÖRKLARINGAR
ALLA MÅTT AVSER MODULMÅTT DÄR EJ ANNAT ANGES.
KODER OCH RUBRIKER ANSLUTER TILL
RADNUMMER I SS 817340
ALLA MÅTT OCH PLUSHÖJDER KONTROLLERAS PÅ PLATS 
INNAN TILLVERKNING SKER. 
DÖRRAR SES FRÅN GÅNGJÄRNSSIDAN.
DÖRRAR LITTRERAS PÅ PLANER.
H = HÖGERHÄNGD
V = VÄNSTERHÄNGD
S = SÄKERHETSGLAS
= KONTRASTMARKERING MELLAN 900 ÖFG-1500 ÖFG.
KONTRASTMARKERING GESTALTAS AV ARKITEKT I 
BYGGHANDLINGSPROJEKTERING.
MPxxy = INVÄNDIGT METALLPARTI
FÖRESKRIFTER
HÄNVISNINGAR
BRANDSKYDDSDOKUMENTATION ENL. BRAND
LJUDKRAVSRITNING ENL. AKUSTIK
TEKNISK BESKRIVNING (304051-A-TBH)
TYPRUMSBESKRIVNING (304051-A-RUB)
PLANRITNINGAR 304051-A-40-1-A100--304051-A-40-1-A300
4.SORT/TYP
INVÄNDIGA METALLPARTIER.
5.MÅTT, BREDD, HÖJD OCH DELNING.
ENL. FIGUR.
DÖRRAR MED BREDD 10M SKA UTFÖRAS MED FRITT 
PASSAGEMÅTT 840 mm VID 90 GRADERS ÖPPNING. 
UNDER BYGGHANDLINGSPROJEKTERING SKA KARMYTTERMÅTT 
UTREDAS SÅ ATT DET FRIA PASSAGEMÅTTET UPPNÅS.   
8. FUNKTIONSKRAV, VÄRME-, BRAND-, LJUD- :
BRAND- OCH LJUDKRAV ENL. TABELL. VID MOTSTRIDIGA 
UPPGIFTER GÄLLER BRANDSKYDDSDOKUMENTATION OCH 
LJUDKRAVSRITNING FÖRE DENNA HANDLING.
LJUDREDUKTION AVSER Rw(dB).
9. DÖRRBLADSYTA; MATERIAL OCH YTBEHANDLING
LEVERERAS FÄRDIGBEHANDLADE FRÅN FABRIK ENLIGT 
LEVERANTÖRENS STANDARD. KULÖR ENLIGT TABELL.
DÖRRKARM UTFÖRS I SAMMA KULÖR SOM DÖRRBLAD.
10. GLASTYP
ENLIGT LEVERANTÖRENS STANDARD. GLAS SKA UPPFYLLA 
KRAV ENLIGT BBR BETRÄFFANDE PERSONSÄKERHET SAMT  
STADSFASTIGHETSFÖRVALTNINGENS TEKNISKA ANVISNINGAR 
OCH MTK GLASSÄKRA MILJÖER - SKOLOR OCH FÖRSKOLOR.
MP17
V
F.G
26M
17M
7M
10M
S
5M
21M
S
FILNAMN:
PROJEKTNAMN
OMRÅDE
PROJEKTNUMMER
ADRESS
DIARIENUMMER
FASTIGHET
DISCIPLIN
FÖRETAG
UPPDRAGSNUMMER
SKAPAD AV
TELEFON
KONTAKTPERSON
BYGGNADSVERK
PLUSHÖJD (RH 2000)
VÅNINGSPLAN
VÅNINGSDEL
DELOMRÅDE
SYSTEM
SPECIFIKATION
RITNINGSKATEGORI
SKALA
FORMAT
DOKUMENTNUMMER
ÄNDRING
STATUS
HANDLING
DATUM
GODKÄND AV
ÄNDRINGS PM
BESTÄLLARE
SKALA 1:50 (A1-format)
0
1
2
3
4
5
METER
N
SEKTION
ORIENTERINGSFIGUR
A
B
C
D
E
C:\Autodesk\BIM_Local_Files\304051-A-40-V-000-3479-R22-C_Martina.Boyton.rvt
2023-12-21 12:10:40
A
304051
19173
2240/21
3479
076-492 55 38
HUS A
-
-
ANNANDAGSGATAN 1
1:50
A1
43 - INRE RUMSBILDANDE BYGGDELAR
INV. PARTIER AV METALL
GÖTEBORG KORTEDALA 90:3
SEMRÉN & MÅNSSON ARK.
JOHANNA THEORIN
MARCUS BLOMQVIST
-
-
UPPSTÄLLNINGAR
304051-A-43-4-A041
ANNANDAGSGATAN NY FÖRSKOLA
FÖRFRÅGNINGSUNDERLAG
GODKÄND
2023-12-20
M. BLOMQVIST
D2.0 LITTERA
3.1 HÄNGNING
3 ANTAL
D8.2 BRANDMOTSTÅND
D8.3 LJUDISOLERING
D9.2 YTBEHANDLING
MP17a
V
1
-
-
RAL 7006
",840 m
24,"FÖRKLARINGAR
           MÅLAT 
           KAKEL
           AKUSTIKPANEL
MÅLAT, AVTORKNINGSBAR
VÄGGABSORBENT, SE UTBREDNING OCH 
TYP ENLIGT AKUSTIKHANDLING. 
      
G: = GOLV, SE TYPRUMSBESKRIVNING
Kl = KLINKER
Li = LINOLEUMMATTA
Pl = PLASTMATTA
FÖRESKRIFTER
-
HÄNVISNINGAR
TEKNISK BESKRIVNING (304051-A-TBH)
TYPRUMSBESKRIVNING (304051-A-RUB)
PLANRITNINGAR 304051-A-40-1-A100--304051-A-40-1-A300
A133
Allrum
G: Li
A121
Trapphus
G: Li
A134
Vilrum
G: Li
A135
Skötrum
G: Pl
A138
Lekrum
G: Li
A136
WC
G: Pl
A137
WC
G: Pl
A141
Aktivitetsrum
G: Pl
A158
Lekrum
G: Li
A155
Skötrum
G: Pl
A156
WC
G: Pl
A154
Vilrum
G: Li
A153
Allrum
G: Li
A152
Kapprum
G: Kl
A132
Kapprum
G: Kl
A140
RWC/D
G: Pl
A130
Groventré
G: Kl
A150
Groventré
G: Kl
A151
WC
G: Pl
A131
WC
G: Pl
A112
UC
G: Pl
A110
El
G: Pl
A103
Tillagningskök
G: Kl
Hiss
A120
Vindfång
G: Pl
FRD
G: Li
FRD
G: Li
FRD
G: Li
FRD
G: Li
A122
Städ
G: Pl
A109
Förråd
G: Kl
A108
Kylrum
G: Pl
A107
Frysrum
G: Enl. Varukyla
A104
Varumottagning
G: Kl
A102
Diskrum
G: Kl
A105
Omklädning
G: Kl
A106
WC/D
G: Kl
A100
Vagnplats
G: Kl
A101
Elc
G: Pl
A111
IT
G: Pl
A139
ELC
G: Pl
A123
Förråd
G: Li
A157
WC
G: Pl
FILNAMN:
PROJEKTNAMN
OMRÅDE
PROJEKTNUMMER
ADRESS
DIARIENUMMER
FASTIGHET
DISCIPLIN
FÖRETAG
UPPDRAGSNUMMER
SKAPAD AV
TELEFON
KONTAKTPERSON
BYGGNADSVERK
PLUSHÖJD (RH 2000)
VÅNINGSPLAN
VÅNINGSDEL
DELOMRÅDE
SYSTEM
SPECIFIKATION
RITNINGSKATEGORI
SKALA
FORMAT
DOKUMENTNUMMER
ÄNDRING
STATUS
HANDLING
DATUM
GODKÄND AV
ÄNDRINGS PM
BESTÄLLARE
SKALA 1:100 (A1-format)
0
METER
5
10
N
SEKTION
ORIENTERINGSFIGUR
A
B
C
D
E
C:\Autodesk\BIM_Local_Files\304051-A-40-V-000-3479-R22-C_Johanna.Theorin54EDB.rvt
2023-12-20 17:22:16
A
304051
19173
2240/21
3479
076-492 55 38
HUS A
PLAN 1 -
ANNANDAGSGATAN 1
1:100
A1
44 - INVÄNDIGA YTSKIKT
HUS A, PLAN 1, YTSKIKT
GÖTEBORG KORTEDALA 90:3
SEMRÉN & MÅNSSON ARK.
MARTINA BOYTON
MARCUS BLOMQVIST
+84.65
-
YTSKIKTSPLAN
304051-A-44-1-A100
ANNANDAGSGATAN NY FÖRSKOLA
FÖRFRÅGNINGSUNDERLAG
GODKÄND
2023-12-20
M. BLOMQVIST
",
25,"FÖRKLARINGAR
SE RITNING 304051-A-44-1-A100.
FÖRESKRIFTER
SE RITNING 304051-A-44-1-A100.
HÄNVISNINGAR
SE RITNING 304051-A-44-1-A100.
Hiss
A223
Allrum
G: Li
A210
Trapphus
G: Li
A224
Vilrum
G: Li
A225
Skötrum
G: Pl
A228
Lekrum
G: Li
A226
WC
G: Pl
A227
WC
G: Pl
A231
Aktivitetsrum
G: Pl
A248
Lekrum
G: Li
A245
Skötrum
G: Pl
A247
WC
G: Pl
A246
WC
G: Pl
A244
Vilrum
G: Li
A243
Allrum
G: Li
A242
Kapprum
G: Kl
A222
Kapprum
G: Kl
A230
RWC/D
G: Pl
A220
Groventré
G: Kl
A240
Groventré
G: Kl
A241
WC
G: Pl
A221
WC
G: Pl
A203
Städ och tvätt
G: Pl
A208
RWC/D
G: Pl
A200
Korridor
G: Li
A211
Samtal/vila
G: Li
FRD
G: Li
FRD
G: Li
FRD
G: Li
FRD
G: Li
A212
KÖK FRD
G: Li
A207
Omklädning
G: Li
A204
Kontor
G: Li
A202
Förråd
G: Li
A206
Pausrum
G: Li
A205
Arbetsrum
G: Li
A201
Förråd
G: Li
A229
ELC
G: Pl
FILNAMN:
PROJEKTNAMN
OMRÅDE
PROJEKTNUMMER
ADRESS
DIARIENUMMER
FASTIGHET
DISCIPLIN
FÖRETAG
UPPDRAGSNUMMER
SKAPAD AV
TELEFON
KONTAKTPERSON
BYGGNADSVERK
PLUSHÖJD (RH 2000)
VÅNINGSPLAN
VÅNINGSDEL
DELOMRÅDE
SYSTEM
SPECIFIKATION
RITNINGSKATEGORI
SKALA
FORMAT
DOKUMENTNUMMER
ÄNDRING
STATUS
HANDLING
DATUM
GODKÄND AV
ÄNDRINGS PM
BESTÄLLARE
SKALA 1:100 (A1-format)
0
METER
5
10
N
SEKTION
ORIENTERINGSFIGUR
A
B
C
D
E
C:\Autodesk\BIM_Local_Files\304051-A-40-V-000-3479-R22-C_Johanna.Theorin54EDB.rvt
2023-12-20 17:22:25
A
304051
19173
2240/21
3479
076-492 55 38
HUS A
PLAN 2 -
ANNANDAGSGATAN 1
1:100
A1
44 - INVÄNDIGA YTSKIKT
HUS A, PLAN 2, YTSKIKT
GÖTEBORG KORTEDALA 90:3
SEMRÉN & MÅNSSON ARK.
MARTINA BOYTON
MARCUS BLOMQVIST
+88.50
-
YTSKIKTSPLAN
304051-A-44-1-A200
ANNANDAGSGATAN NY FÖRSKOLA
FÖRFRÅGNINGSUNDERLAG
GODKÄND
2023-12-20
M. BLOMQVIST
",
26,"FÖRKLARINGAR
SE RITNING 304051-A-44-1-A100.
FÖRESKRIFTER
SE RITNING 304051-A-44-1-A100.
HÄNVISNINGAR
SE RITNING 304051-A-44-1-A100.
A301
Teknikrum
G: Pl
A305
IT
G: Pl
A300
Trapphus
G: Pl
A304
Kallvind
A302
Kallvind
A303
Kallvind
FILNAMN:
PROJEKTNAMN
OMRÅDE
PROJEKTNUMMER
ADRESS
DIARIENUMMER
FASTIGHET
DISCIPLIN
FÖRETAG
UPPDRAGSNUMMER
SKAPAD AV
TELEFON
KONTAKTPERSON
BYGGNADSVERK
PLUSHÖJD (RH 2000)
VÅNINGSPLAN
VÅNINGSDEL
DELOMRÅDE
SYSTEM
SPECIFIKATION
RITNINGSKATEGORI
SKALA
FORMAT
DOKUMENTNUMMER
ÄNDRING
STATUS
HANDLING
DATUM
GODKÄND AV
ÄNDRINGS PM
BESTÄLLARE
SKALA 1:100 (A1-format)
0
METER
5
10
N
SEKTION
ORIENTERINGSFIGUR
A
B
C
D
E
C:\Autodesk\BIM_Local_Files\304051-A-40-V-000-3479-R22-C_Johanna.Theorin54EDB.rvt
2023-12-20 17:22:34
A
304051
19173
2240/21
3479
076-492 55 38
HUS A
PLAN 3 -
ANNANDAGSGATAN 1
1:100
A1
44 - INVÄNDIGA YTSKIKT
HUS A, PLAN 3, YTSKIKT
GÖTEBORG KORTEDALA 90:3
SEMRÉN & MÅNSSON ARK.
MARTINA BOYTON
MARCUS BLOMQVIST
+92.275
-
YTSKIKTSPLAN
304051-A-44-1-A300
ANNANDAGSGATAN NY FÖRSKOLA
FÖRFRÅGNINGSUNDERLAG
GODKÄND
2023-12-20
M. BLOMQVIST
",
27,"FÖRKLARINGAR
FÖRESKRIFTER
HÄNVISNINGAR
FAST INREDNING GÄLLER ENL TYPRUMSBESKRIVNING.
AVVIKELSER I PRINCIPELEVATIONER KAN FÖREKOMMA.
HÖJDER FÖR FAST INREDNING I BARN-WC SKA STÄMMAS 
AV MED VERKSAMHET UNDER 
BYGGHANDLINGSPROJEKTERING.
EXPONERADE/SYNLIGA DELAR AV STOMMAR SKA FÖRSES 
MED TÄCKSIDA LIKA LUCKOR.
TEKNISK BESKRIVNING (304051-A-TBH)
TYPRUMSBESKRIVNING (304051-A-RUB)
PLAN 304051-A-40-1-A100--304051-A-40-1-A300
YTSKIKT 304051-A-44-1-A100--304051-44-1-A300
ELEVATIONERNA BESKRIVER PRINCIPER FÖR FAST 
INREDNING.
D
A
B
C
DUSCHDRAPERISKENA
DUSCHARMATUR ENL. VS
UK UNDERTAK
F.G
KLÄDKROKAR
UK UNDERTAK
F.G
WC-STOL ENL. VS
TOALETTPAPPERSHÅLLARE
ARMSTÖD
SANITETSPÅSHÅLLARE
STÖDHANDTAG
UK UNDERTAK
F.G
TVÄTTSTÄLL ENL. VS
TVÅLDISPENSER
HANDDUKSHÅLLARE
TRÅDPAPPERSKORG
SPEGEL
AVSTÄLLNINGSHYLLA
DÖRR ENL. UPPSTÄLLNING
UK UNDERTAK
F.G
UK UNDERTAK
F.G
HANDDUKSHÅLLARE
AVSTÄLLNINGSHYLLA
TRÅDPAPPERSKORG
DÖRR ENL. UPPSTÄLLNING
UK UNDERTAK
F.G
UK UNDERTAK
F.G
WC-STOL ENL. VS
TVÄTTSTÄLL ENL. VS
TVÅLDISPENSER
SPEGEL
DROPPBRICKA
UK UNDERTAK
F.G
TOALETTPAPPERSHÅLLARE
A.
B.
C.
D.
FILNAMN:
PROJEKTNAMN
OMRÅDE
PROJEKTNUMMER
ADRESS
DIARIENUMMER
FASTIGHET
DISCIPLIN
FÖRETAG
UPPDRAGSNUMMER
SKAPAD AV
TELEFON
KONTAKTPERSON
BYGGNADSVERK
PLUSHÖJD (RH 2000)
VÅNINGSPLAN
VÅNINGSDEL
DELOMRÅDE
SYSTEM
SPECIFIKATION
RITNINGSKATEGORI
SKALA
FORMAT
DOKUMENTNUMMER
ÄNDRING
STATUS
HANDLING
DATUM
GODKÄND AV
ÄNDRINGS PM
BESTÄLLARE
SKALA 1:20 (A1-format)
0
METER
0.3
2
0.1
1.5
N
SEKTION
ORIENTERINGSFIGUR
A
B
C
D
E
C:\Autodesk\BIM_Local_Files\304051-A-40-V-000-3479-R22-C_Johanna.Theorin54EDB.rvt
2023-12-20 16:51:29
A
304051
19173
2240/21
3479
076-492 55 38
HUS A
-
-
ANNANDAGSGATAN 1
1:20
A1
46 - RUMSKOMPLETTERINGAR
ELEVATIONER, WC OCH RWC/DUSCH
GÖTEBORG KORTEDALA 90:3
SEMRÉN & MÅNSSON ARK.
MARTINA BOYTON
MARCUS BLOMQVIST
-
-
RUMSKOMPLETTERING
304051-A-46-4-A011
ANNANDAGSGATAN NY FÖRSKOLA
FÖRFRÅGNINGSUNDERLAG
GODKÄND
2023-12-20
M. BLOMQVIST
RWC/D - PLAN
VY A
VY B
VY C
VY D
VY A
VY B
VY C
VY D
BARN WC - PLAN
",
28,"FÖRKLARINGAR
FÖRESKRIFTER
HÄNVISNINGAR
FAST INREDNING GÄLLER ENL TYPRUMSBESKRIVNING.
AVVIKELSER I PRINCIPELEVATIONER KAN FÖREKOMMA.
HÖJDER FÖR FAST INREDNING I BARN-WC SKA STÄMMAS 
AV MED VERKSAMHET UNDER 
BYGGHANDLINGSPROJEKTERING.
EXPONERADE/SYNLIGA DELAR AV STOMMAR SKA FÖRSES 
MED TÄCKSIDA LIKA LUCKOR.
TEKNISK BESKRIVNING (304051-A-TBH)
TYPRUMSBESKRIVNING (304051-A-RUB)
PLAN 304051-A-40-1-A100--304051-A-40-1-A300
YTSKIKT 304051-A-44-1-A100--304051-44-1-A300
ELEVATIONERNA BESKRIVER PRINCIPER FÖR FAST 
INREDNING.
UK UNDERTAK
F.G
KAPPRUMSINREDNING
KAPPRUMSINREDNING
UK UNDERTAK
F.G
KAPPRUMSINREDNING
PLATS FÖR AT
VÄGGÖPPNING
VÄGGÖPPNING
F.G
UK UNDERTAK
KAPPRUMSINREDNING PERSONAL
UK UNDERTAK
F.G
KAPPRUMSINREDNING
TORKSKÅP
TORKSKÅP
F.G
UK UNDERTAK
TRÅD-
PAPPERSKORG
TVÅLDISPENSER
HANDDUKS-
PAPPERSHÅLLARE
TVÄTTRÄNNA
VÄGGÖPPNING
VÄGGÖPPNING
FILNAMN:
PROJEKTNAMN
OMRÅDE
PROJEKTNUMMER
ADRESS
DIARIENUMMER
FASTIGHET
DISCIPLIN
FÖRETAG
UPPDRAGSNUMMER
SKAPAD AV
TELEFON
KONTAKTPERSON
BYGGNADSVERK
PLUSHÖJD (RH 2000)
VÅNINGSPLAN
VÅNINGSDEL
DELOMRÅDE
SYSTEM
SPECIFIKATION
RITNINGSKATEGORI
SKALA
FORMAT
DOKUMENTNUMMER
ÄNDRING
STATUS
HANDLING
DATUM
GODKÄND AV
ÄNDRINGS PM
BESTÄLLARE
SKALA 1:20 (A1-format)
0
METER
0.3
2
0.1
1.5
N
SEKTION
ORIENTERINGSFIGUR
A
B
C
D
E
C:\Autodesk\BIM_Local_Files\304051-A-40-V-000-3479-R22-C_Johanna.Theorin54EDB.rvt
2023-12-20 16:51:37
A
304051
19173
2240/21
3479
076-492 55 38
HUS A
-
-
ANNANDAGSGATAN 1
1:20
A1
46 - RUMSKOMPLETTERINGAR
ELEVATIONER, ENTRÉER / KAPPRUM
GÖTEBORG KORTEDALA 90:3
SEMRÉN & MÅNSSON ARK.
MARTINA BOYTON
MARCUS BLOMQVIST
-
-
RUMSKOMPLETTERING
304051-A-46-4-A031
ANNANDAGSGATAN NY FÖRSKOLA
FÖRFRÅGNINGSUNDERLAG
GODKÄND
2023-12-20
M. BLOMQVIST
PRINCIPELEVATION
KAPPRUM - VY A
PRINCIPELEVATION
KAPPRUM - VY B
PRINCIPELEVATION
KAPPRUM - VY C
PRINCIPELEVATION
KAPPRUM - VY D
PRINCIPELEVATION
GROVENTRÉ - VY A
PRINCIPELEVATION
GROVENTRÉ - VY B
",
29,"FÖRKLARINGAR
FÖRESKRIFTER
HÄNVISNINGAR
FAST INREDNING GÄLLER ENL TYPRUMSBESKRIVNING.
AVVIKELSER I PRINCIPELEVATIONER KAN FÖREKOMMA.
HÖJDER FÖR FAST INREDNING I BARN-WC SKA STÄMMAS 
AV MED VERKSAMHET UNDER 
BYGGHANDLINGSPROJEKTERING.
EXPONERADE/SYNLIGA DELAR AV STOMMAR SKA FÖRSES 
MED TÄCKSIDA LIKA LUCKOR.
TEKNISK BESKRIVNING (304051-A-TBH)
TYPRUMSBESKRIVNING (304051-A-RUB)
PLAN 304051-A-40-1-A100--304051-A-40-1-A300
YTSKIKT 304051-A-44-1-A100--304051-44-1-A300
ELEVATIONERNA BESKRIVER PRINCIPER FÖR FAST 
INREDNING.
UK UNDERTAK 
TAKANSLUTNING
TVÅLDISPENSER
PAPPERSHÅLLARE
AVFALLSSYSTEM 
MONTERAS I BÄNKSKÅP
KYL/FRYS
DISKMASKIN
MIRKO
STEGLÅDOR I SOCKEL UNDER DISKHO 
OCH ARBETSYTA
UGN
UK UNDERTAK 
TAKANSLUTNING
TVÅLDISPENSER
PAPPERSHÅLLARE
HANDUKS-
PAPPERSHÅLLARE
STEGLÅDOR I SOCKEL UNDER 
DISKHO OCH ARBETSYTA
TVÅLDISPENSER
AVFALLSSYSTEM MONTERAS 
I BÄNKSKÅP
MIKRO
KYL
TAKANSLUTNING
TAKANSLUTNING
UK UNDERTAK
TVÅLDISPENSER
STEGLÅDOR I SOCKEL UNDER 
DISKHO OCH ARBETSYTA
HANDUKS-
PAPPERSHÅLLARE
TAKANSLUTNING
UK UNDERTAK
MIKRO
KYL/FRYS
TAKANSLUTNING
UK UNDERTAK
DISKMASKIN
AVFALLSSYSTEM 
MONTERAS I BÄNKSKÅP
PAPPERSHÅLLARE
TVÅLDISPENSER
FILNAMN:
PROJEKTNAMN
OMRÅDE
PROJEKTNUMMER
ADRESS
DIARIENUMMER
FASTIGHET
DISCIPLIN
FÖRETAG
UPPDRAGSNUMMER
SKAPAD AV
TELEFON
KONTAKTPERSON
BYGGNADSVERK
PLUSHÖJD (RH 2000)
VÅNINGSPLAN
VÅNINGSDEL
DELOMRÅDE
SYSTEM
SPECIFIKATION
RITNINGSKATEGORI
SKALA
FORMAT
DOKUMENTNUMMER
ÄNDRING
STATUS
HANDLING
DATUM
GODKÄND AV
ÄNDRINGS PM
BESTÄLLARE
SKALA 1:20 (A1-format)
0
METER
0.3
2
0.1
1.5
N
SEKTION
ORIENTERINGSFIGUR
A
B
C
D
E
C:\Autodesk\BIM_Local_Files\304051-A-40-V-000-3479-R22-C_Johanna.Theorin54EDB.rvt
2023-12-20 16:51:43
A
304051
19173
2240/21
3479
076-492 55 38
HUS A
-
-
ANNANDAGSGATAN 1
1:20
A1
46 - RUMSKOMPLETTERINGAR
ELEVATIONER, KÖK OCH PENTRY
GÖTEBORG KORTEDALA 90:3
SEMRÉN & MÅNSSON ARK.
MARTINA BOYTON
MARCUS BLOMQVIST
-
-
RUMSKOMPLETTERING
304051-A-46-4-A041
ANNANDAGSGATAN NY FÖRSKOLA
FÖRFRÅGNINGSUNDERLAG
GODKÄND
2023-12-20
M. BLOMQVIST
PRINCIPELEVATION
PENTRY -
AKTIVITETSRUM VY A
PRINCIPELEVATION
PENTRY - ALLRUM
PRINCIPELEVATION
PENTRY -
AKTIVITETSRUM VY B
PRINCIPELEVATION
PENTRY  PAUSRUM VY
A
PRINCIPELEVATION
PENTRY  PAUSRUM VY
B
",
